app_id,run_id,client_id,lastname,firstname,middlename,sex,birthplacetown,birthdate,familymembersnumber,maxpayment,avg_pure_income
3323,2018804,1252,Сященко,Расул,Михайловна,,Марий Эл,1976-06-15,,,
4770,2018804,3691,Абдрехимова,Татяна,Вилеоровна,1.0,Новосибирская область,1976-07-23,0.0,,
7521,619706,5596,Годеев,Орвал,Анатольевич,0.0,Новосибирская область,1990-01-01,0.0,,
7522,619796,5599,Бродниковская,Сетрак,Григорьевич,0.0,Новосибирская область,1990-01-01,0.0,,
7524,619925,5605,Новик-Золотова,Эндзела,Викторовна,1.0,Новосибирская область,2005-01-01,0.0,,
7528,620596,5611,Канская,Аверкий,Анатольевич,0.0,Тыва,1988-03-02,1.0,,
7529,620597,5612,Жемугова,Эгита,Степановна,1.0,Дагестан,1975-02-01,1.0,,
7529,620601,5612,Жемугова,Эгита,Степановна,1.0,Дагестан,1975-02-01,1.0,,
7530,620618,5613,Канская,Анилкар,Савельевич,0.0,Тыва,1988-03-02,1.0,,
7531,620619,5614,Жемугова,Дэйвия,Вячеславовна,1.0,Дагестан,1975-02-01,1.0,,
7531,620622,5614,Жемугова,Дэйвия,Вячеславовна,1.0,Дагестан,1975-02-01,1.0,,
7532,620672,5616,Атлаев,Мусиф,Иванович,0.0,Тыва,1988-03-02,1.0,,
7533,620673,5617,Афнасьева,Наджван,Анатольевна,1.0,Дагестан,1975-02-01,1.0,,
7533,620677,5617,Афнасьева,Наджван,Анатольевна,1.0,Дагестан,1975-02-01,1.0,,
7534,620678,5619,Цидильковская,Фрасер,Анатольевич,0.0,Тыва,1988-03-02,1.0,,
7535,620679,5620,Шафиатуллина,Регин,Степановна,1.0,Дагестан,1975-02-01,1.0,,
7535,620686,5620,Шафиатуллина,Регин,Степановна,1.0,Дагестан,1975-02-01,1.0,,
7536,620689,5622,Собкин,Мелс,Дмитриевич,0.0,Тыва,1988-03-02,1.0,,
7537,620690,5623,Каузова,Лека,Варленовна,1.0,Дагестан,1975-02-01,1.0,,
7537,620691,5623,Каузова,Лека,Варленовна,1.0,Дагестан,1975-02-01,1.0,,
7538,620697,5625,Барчевский,Чаевой,Леонидович,0.0,Тыва,1988-03-02,1.0,,
7539,620698,5626,Деза,Эндзела,Эльдаровна,1.0,Дагестан,1975-02-01,1.0,,
7539,620704,5626,Деза,Эндзела,Эльдаровна,1.0,Дагестан,1975-02-01,1.0,,
7540,620860,5628,Пошоцкий,Салахаддин,Славомысович,0.0,Тыва,1988-03-02,1.0,,
7541,620861,5629,Иконенкова,Хедвига,Вемировна,1.0,Дагестан,1975-02-01,1.0,,
7541,620862,5629,Иконенкова,Хедвига,Вемировна,1.0,Дагестан,1975-02-01,1.0,,
7542,620986,5631,Чемезова,Евдокия,Вячеславовна,1.0,Омская область,1982-05-21,1.0,,
7543,621006,5632,Котенкова,Крамиса,Арсеньевна,1.0,Новосибирская область,1990-10-14,0.0,,
7544,621076,5634,Мешканцева,Бета,Хаттабовна,1.0,Новосибирская область,1990-10-14,0.0,,
7545,621104,5635,Капурина,Эндзела,Сетовна,1.0,Астраханская область,1990-12-12,1.0,,
7546,621157,5637,Куксенова,Наджван,Анатольевна,1.0,Новосибирская область,1990-12-12,0.0,,
7547,621198,5638,Куксенова,Хедвига,Анатольевна,1.0,Новосибирская область,1997-10-18,,,
7548,621306,5640,Алпенидзе,Гермин,Таклесович,0.0,Новосибирская область,1991-02-03,1.0,,
7548,621307,5640,Алпенидзе,Гермин,Таклесович,0.0,Новосибирская область,1991-02-03,1.0,,
7549,621373,5641,Коногова,Оскарина,Артемовна,1.0,Новосибирская область,1977-11-11,1.0,,
7549,621378,5641,Коногова,Оскарина,Артемовна,1.0,Новосибирская область,1977-11-11,1.0,,
7550,621557,5643,Коногова,Оскарина,Артемовна,1.0,Новосибирская область,1977-11-11,1.0,,
7550,621561,5643,Коногова,Оскарина,Артемовна,1.0,Новосибирская область,1977-11-11,1.0,,
7551,621739,5644,Абдрехимова,Регин,Доброгостовна,1.0,Новосибирская область,2005-01-01,0.0,,
2050007604,619334,2000079701,Маншлеева,Паликсения,Витомировна,1.0,Новосибирская область,1985-03-05,,,
2050007604,619376,2000079701,Маншлеева,Паликсения,Витомировна,1.0,Новосибирская область,1985-03-05,,,
2050007604,619383,2000079701,Маншлеева,Паликсения,Витомировна,1.0,Новосибирская область,1985-03-05,,92236.0,113100.0
2050007608,619528,2000079801,Цыбанкова,Изена,Валентиновна,1.0,Новосибирская область,1985-09-17,,,
2050007608,619545,2000079801,Цыбанкова,Изена,Валентиновна,1.0,Новосибирская область,1985-09-17,,,
2050007608,619558,2000079801,Цыбанкова,Изена,Валентиновна,1.0,Новосибирская область,1985-09-17,,107667.0,130500.0
2050007630,619978,2000076701,Храпченков,Евтей,Хадиевич,0.0,Чувашия,1990-12-14,,,
2050007686,620683,2000076701,Храпченков,Евтей,Хадиевич,0.0,Чувашия,1990-12-14,,,
2050007686,621526,2000076701,Храпченков,Евтей,Хадиевич,0.0,Чувашия,1990-12-14,,,
2050007686,621569,2000076701,Храпченков,Евтей,Хадиевич,0.0,Чувашия,1990-12-14,,,
2050007687,620993,2000063419,Шатнин,Задени,Лудиславович,0.0,Новосибирская область,1982-06-19,,,
2050007687,620994,2000063419,Шатнин,Задени,Лудиславович,0.0,Новосибирская область,1982-06-19,,,
2050007689,621446,2000080301,Митина,Санийа,Валентиновна,1.0,Новосибирская область,1982-10-13,,,
2050007689,621466,2000080301,Митина,Санийа,Валентиновна,1.0,Новосибирская область,1982-10-13,,,
2050007690,621540,2000080401,Бормосова,Эммина,Васильевна,1.0,Новосибирская область,1984-04-16,,,
2050007690,621560,2000080401,Бормосова,Эммина,Васильевна,1.0,Новосибирская область,1984-04-16,,,
2100044145,2018813,2000731101,Колькова,Имилина,Семеновна,1.0,Костромская область,1990-03-18,,,
2100046244,621390,2000758501,Мильцына,Лера,Сетовна,1.0,Астраханская область,1987-08-13,,,
2100048246,619609,2000776701,Хатуцкина,Мохтоб,Витомировна,1.0,Новосибирская область,1990-09-21,,,
2100048246,619613,2000776701,Хатуцкина,Мохтоб,Витомировна,1.0,Новосибирская область,1990-09-21,,,
2100048246,619619,2000776701,Хатуцкина,Мохтоб,Витомировна,1.0,Новосибирская область,1990-09-21,,,
2100048246,619627,2000776701,Хатуцкина,Мохтоб,Витомировна,1.0,Новосибирская область,1990-09-21,,,
2100048247,619661,2000776801,Олесова,Зуга,Яхьевна,1.0,Новосибирская область,1990-09-21,,,
2100048247,619667,2000776801,Олесова,Зуга,Яхьевна,1.0,Новосибирская область,1990-09-21,,,
2100048247,619669,2000776801,Олесова,Зуга,Яхьевна,1.0,Новосибирская область,1990-09-21,,,
2100048247,619671,2000776801,Олесова,Зуга,Яхьевна,1.0,Новосибирская область,1990-09-21,,,
2100048248,619677,2000776802,Егорова-Шмелева,Айганша,Вячеславовна,1.0,Новосибирская область,1990-09-21,,,
2100048248,619680,2000776802,Егорова-Шмелева,Айганша,Вячеславовна,1.0,Новосибирская область,1990-09-21,,,
2100048248,619692,2000776802,Егорова-Шмелева,Айганша,Вячеславовна,1.0,Новосибирская область,1990-09-21,,,
2100048248,619701,2000776802,Егорова-Шмелева,Айганша,Вячеславовна,1.0,Новосибирская область,1990-09-21,,,
2100048249,619785,2000776901,Афанусова,Петрунька,Гениевна,1.0,Новосибирская область,1990-09-21,,,
2100048249,619787,2000776901,Афанусова,Петрунька,Гениевна,1.0,Новосибирская область,1990-09-21,,,
2100048249,619788,2000776901,Афанусова,Петрунька,Гениевна,1.0,Новосибирская область,1990-09-21,,,
2100048249,619789,2000776901,Афанусова,Петрунька,Гениевна,1.0,Новосибирская область,1990-09-21,,,
2100048250,620087,2000777001,Щура,Джоди,Павловна,1.0,Новосибирская область,1990-09-21,,,
2100048250,620088,2000777001,Щура,Джоди,Павловна,1.0,Новосибирская область,1990-09-21,,,
2100048250,620089,2000777001,Щура,Джоди,Павловна,1.0,Новосибирская область,1990-09-21,,,
2100048250,620090,2000777001,Щура,Джоди,Павловна,1.0,Новосибирская область,1990-09-21,,,
2100048296,620291,2000777301,Гофман,Эдият,Егорович,0.0,Ханты-Мансийский АО — Югра,1978-09-24,,,
2100048296,620293,2000777301,Гофман,Эдият,Егорович,0.0,Ханты-Мансийский АО — Югра,1978-09-24,,,
2100048297,620292,2000777302,Рецкер,Акай,Винунович,0.0,Ханты-Мансийский АО — Югра,1990-09-22,,,
2100048297,620294,2000777302,Рецкер,Акай,Винунович,0.0,Ханты-Мансийский АО — Югра,1990-09-22,,,
2100048298,620347,2000777501,Фоголева,Татяна,Артемовна,1.0,Новосибирская область,1990-09-22,,,
2100048298,620349,2000777501,Фоголева,Татяна,Артемовна,1.0,Новосибирская область,1990-09-22,,,
2100048298,620350,2000777501,Фоголева,Татяна,Артемовна,1.0,Новосибирская область,1990-09-22,,,
2100048298,620356,2000777501,Фоголева,Татяна,Артемовна,1.0,Новосибирская область,1990-09-22,,,
2100048299,620405,2000777601,Лососкова,Амизия,Дастиновна,1.0,Новосибирская область,1990-09-22,,,
2100048299,620407,2000777601,Лососкова,Амизия,Дастиновна,1.0,Новосибирская область,1990-09-22,,,
2100048299,620410,2000777601,Лососкова,Амизия,Дастиновна,1.0,Новосибирская область,1990-09-22,,,
2100048299,620416,2000777601,Лососкова,Амизия,Дастиновна,1.0,Новосибирская область,1990-09-22,,,
2100048300,620507,2000777701,Пхылина,Шайники,Константиновна,1.0,Новосибирская область,1990-09-22,,,
2100048300,620508,2000777701,Пхылина,Шайники,Константиновна,1.0,Новосибирская область,1990-09-22,,,
2100048300,620514,2000777701,Пхылина,Шайники,Константиновна,1.0,Новосибирская область,1990-09-22,,,
2100048300,620519,2000777701,Пхылина,Шайники,Константиновна,1.0,Новосибирская область,1990-09-22,,,
2100048301,620607,2000777801,Сейхо-Ортега,Нева,Вячеславовна,1.0,Новосибирская область,1990-09-22,,,
2100048301,620610,2000777801,Сейхо-Ортега,Нева,Вячеславовна,1.0,Новосибирская область,1990-09-22,,,
2100048301,620617,2000777801,Сейхо-Ортега,Нева,Вячеславовна,1.0,Новосибирская область,1990-09-22,,,
2100048301,620624,2000777801,Сейхо-Ортега,Нева,Вячеславовна,1.0,Новосибирская область,1990-09-22,,,
2100048301,620954,2000777801,Сейхо-Ортега,Нева,Вячеславовна,1.0,Новосибирская область,1990-09-22,,,
2100048301,620987,2000777801,Сейхо-Ортега,Нева,Вячеславовна,1.0,Новосибирская область,1990-09-22,,,
2100048302,620658,2000777901,Бутушина,Айно,Афанасьевна,1.0,Новосибирская область,1990-09-22,,,
2100048302,620659,2000777901,Бутушина,Айно,Афанасьевна,1.0,Новосибирская область,1990-09-22,,,
2100048302,620661,2000777901,Бутушина,Айно,Афанасьевна,1.0,Новосибирская область,1990-09-22,,,
2100048302,620669,2000777901,Бутушина,Айно,Афанасьевна,1.0,Новосибирская область,1990-09-22,,,
2100048305,621702,2000777401,Москачева,Хедвига,Витомировна,1.0,Дагестан,1987-01-18,,,
2100048305,621816,2000777401,Москачева,Хедвига,Витомировна,1.0,Дагестан,1987-01-18,,,
2100048306,621410,2000778001,Средникова,Аусаф,Тристановна,1.0,Новосибирская область,1990-09-22,,,
2100048306,621411,2000778001,Средникова,Аусаф,Тристановна,1.0,Новосибирская область,1990-09-22,,,
2100048306,621415,2000778001,Средникова,Аусаф,Тристановна,1.0,Новосибирская область,1990-09-22,,,
2100048306,621423,2000778001,Средникова,Аусаф,Тристановна,1.0,Новосибирская область,1990-09-22,,,
2300014141,619327,2000362002,Мачидина,Гулранг,Варленовна,1.0,Новосибирская область,1984-11-14,,169650.0,
2300014204,621645,2000364302,Шафиатуллина,Паликсения,Павловна,1.0,Новосибирская область,1990-03-13,,,
2300014204,621694,2000364302,Шафиатуллина,Паликсения,Павловна,1.0,Новосибирская область,1990-03-13,,195750.0,
2300014778,621375,2000376901,Гаракина,Леонсио,Шаяховна,1.0,Новосибирская область,1974-02-14,,169650.0,
2300128258,620962,2000232701,Лепиева,Шогер,Даниловна,1.0,Новосибирская область,1980-08-21,,,
2300128258,620971,2000232701,Лепиева,Шогер,Даниловна,1.0,Новосибирская область,1980-08-21,,97500.0,150000.0
2300139055,621653,2000813148,Шафиатуллина,Шогер,Вячеславовна,1.0,Новосибирская область,1985-04-08,,,
2300139055,621662,2000813148,Шафиатуллина,Шогер,Вячеславовна,1.0,Новосибирская область,1985-04-08,,,
2300139055,621669,2000813148,Шафиатуллина,Шогер,Вячеславовна,1.0,Новосибирская область,1985-04-08,,221850.0,
2300139121,621644,2000813734,Шафиатуллина,Шогер,Вячеславовна,1.0,Новосибирская область,1985-07-23,,,
2300139121,621704,2000813734,Шафиатуллина,Шогер,Вячеславовна,1.0,Новосибирская область,1985-07-23,,221850.0,
2300139173,621497,2000813859,Шафиатуллина,Шогер,Вячеславовна,1.0,Новосибирская область,1984-12-23,,,
2300139173,621518,2000813859,Шафиатуллина,Шогер,Вячеславовна,1.0,Новосибирская область,1984-12-23,,221850.0,
2300139176,620612,2000813933,Шафиатуллина,Шогер,Вячеславовна,1.0,Новосибирская область,1984-11-01,,,
2300139176,621440,2000813933,Шафиатуллина,Шогер,Вячеславовна,1.0,Новосибирская область,1984-11-01,,221850.0,
2300139223,620649,2000814152,Шафиатуллина,Шогер,Вячеславовна,1.0,Новосибирская область,1985-01-07,,,
2300139223,620682,2000814152,Шафиатуллина,Шогер,Вячеславовна,1.0,Новосибирская область,1985-01-07,,221850.0,
2300139771,619420,2000817136,Шафиатуллина,Шогер,Вячеславовна,1.0,Новосибирская область,1985-07-17,,,
2300141401,619584,2000825534,Розен-Акмальдинова,Зофия,Тарасовна,1.0,Новосибирская область,1961-02-22,,,
2300141401,619587,2000825534,Розен-Акмальдинова,Зофия,Тарасовна,1.0,Новосибирская область,1961-02-22,,,
2300141401,619599,2000825534,Розен-Акмальдинова,Зофия,Тарасовна,1.0,Новосибирская область,1961-02-22,,,
2300141552,620592,2000826368,Лепиева,Тифля,Валентиновна,1.0,Сахалинская область,1961-04-05,,,
2300144210,621277,2000839865,Шафиатуллина,Шогер,Вячеславовна,1.0,Новосибирская область,1985-01-26,,,
2300144210,621283,2000839865,Шафиатуллина,Шогер,Вячеславовна,1.0,Новосибирская область,1985-01-26,,195750.0,
2300144213,621262,2000840066,Шафиатуллина,Шогер,Вячеславовна,1.0,Новосибирская область,1985-07-15,,,
2300144213,621267,2000840066,Шафиатуллина,Шогер,Вячеславовна,1.0,Новосибирская область,1985-07-15,,195750.0,
2300144261,621246,2000840283,Шафиатуллина,Шогер,Вячеславовна,1.0,Новосибирская область,1985-06-11,,,
2300144261,621257,2000840283,Шафиатуллина,Шогер,Вячеславовна,1.0,Новосибирская область,1985-06-11,,195750.0,
2300144262,619385,2000840365,Шафиатуллина,Шогер,Вячеславовна,1.0,Новосибирская область,1985-07-08,,,
2300144262,619394,2000840365,Шафиатуллина,Шогер,Вячеславовна,1.0,Новосибирская область,1985-07-08,,195750.0,
2300144262,620341,2000840365,Шафиатуллина,Шогер,Вячеславовна,1.0,Новосибирская область,1985-07-08,,195750.0,
2300144264,619372,2000840466,Шафиатуллина,Шогер,Вячеславовна,1.0,Новосибирская область,1985-04-25,,,
2300144264,619444,2000840466,Шафиатуллина,Шогер,Вячеславовна,1.0,Новосибирская область,1985-04-25,,195750.0,
2300144390,619361,2000840992,Шафиатуллина,Шогер,Вячеславовна,1.0,Новосибирская область,1985-02-27,,,
2300144390,619365,2000840992,Шафиатуллина,Шогер,Вячеславовна,1.0,Новосибирская область,1985-02-27,,195750.0,
2300144390,620339,2000840992,Шафиатуллина,Шогер,Вячеславовна,1.0,Новосибирская область,1985-02-27,,195750.0,
2300145481,619709,2000848495,Шафиатуллина,Шогер,Вячеславовна,1.0,Новосибирская область,1985-06-08,,,
2300145481,619719,2000848495,Шафиатуллина,Шогер,Вячеславовна,1.0,Новосибирская область,1985-06-08,,,
2300145481,619724,2000848495,Шафиатуллина,Шогер,Вячеславовна,1.0,Новосибирская область,1985-06-08,,,
2300145481,619729,2000848495,Шафиатуллина,Шогер,Вячеславовна,1.0,Новосибирская область,1985-06-08,,,
2300145691,620711,2000849774,Шафиатуллина,Шогер,Вячеславовна,1.0,Новосибирская область,1985-07-21,,,
2300146127,620806,2000838894,Валандина,Донэра,Яхьевна,1.0,Новосибирская область,1970-02-28,,,
2300146127,620818,2000838894,Валандина,Донэра,Яхьевна,1.0,Новосибирская область,1970-02-28,,,
2300146127,620823,2000838894,Валандина,Донэра,Яхьевна,1.0,Новосибирская область,1970-02-28,,,
2300147669,620728,2000860208,Казагашева,Хедвига,Хьевна,1.0,Вологодская область,1990-06-06,,146803.0,174000.0
2300147670,620370,2000860297,Езжева,Хедвига,Хьевна,1.0,Вологодская область,1990-01-01,,,
2300147670,620372,2000860297,Езжева,Хедвига,Хьевна,1.0,Вологодская область,1990-01-01,,,
2300147670,620383,2000860297,Езжева,Хедвига,Хьевна,1.0,Вологодская область,1990-01-01,,104617.0,160950.0
2300147670,620390,2000860297,Езжева,Хедвига,Хьевна,1.0,Вологодская область,1990-01-01,,104617.0,160950.0
2300147670,620395,2000860297,Езжева,Хедвига,Хьевна,1.0,Вологодская область,1990-01-01,,104617.0,160950.0
2300147815,620731,2000860908,Езжева,Хедвига,Хьевна,1.0,Вологодская область,1990-01-01,,,
2300147815,620749,2000860908,Езжева,Хедвига,Хьевна,1.0,Вологодская область,1990-01-01,,,
2300147815,620760,2000860908,Езжева,Хедвига,Хьевна,1.0,Вологодская область,1990-01-01,,134987.0,160950.0
2300147815,620768,2000860908,Езжева,Хедвига,Хьевна,1.0,Вологодская область,1990-01-01,,134987.0,160950.0
2300147815,620773,2000860908,Езжева,Хедвига,Хьевна,1.0,Вологодская область,1990-01-01,,134987.0,160950.0
2300148302,619766,2000831266,Масугиева,Мохтоб,Ивановна,1.0,Приморский край,1965-11-10,,,
2300148302,619768,2000831266,Масугиева,Мохтоб,Ивановна,1.0,Приморский край,1965-11-10,,,
2300152121,619673,2000851865,Котенкова,Беляница,Октябрятовна,1.0,Ханты-Мансийский АО — Югра,1990-06-30,,,
2300152121,619782,2000851865,Котенкова,Беляница,Октябрятовна,1.0,Ханты-Мансийский АО — Югра,1990-06-30,,,
2300152121,619830,2000851865,Котенкова,Беляница,Октябрятовна,1.0,Ханты-Мансийский АО — Югра,1990-06-30,,,
2300152183,621100,2000882497,Санева,Салма,Дастиновна,1.0,Новосибирская область,1990-08-31,,,
2300152183,621108,2000882497,Санева,Салма,Дастиновна,1.0,Новосибирская область,1990-08-31,,,
2300152183,621112,2000882497,Санева,Салма,Дастиновна,1.0,Новосибирская область,1990-08-31,,,
2300152237,621591,2000882700,Фрунсон,Сетрак,Григорьевич,0.0,Новосибирская область,1966-03-12,,,
2300152237,621621,2000882700,Фрунсон,Сетрак,Григорьевич,0.0,Новосибирская область,1966-03-12,,,
2300152397,621269,2000816457,Котенкова,Узумджа,Артемовна,1.0,Ханты-Мансийский АО — Югра,1990-07-14,,,
2300152450,619894,2000850576,Кобыленкова,Имилина,Павловна,1.0,Костромская область,1969-02-03,,,
2300152452,621405,2000884097,Теремезов,Дорофей,Рианович,0.0,Новосибирская область,1985-01-17,,,
2300152452,621417,2000884097,Теремезов,Дорофей,Рианович,0.0,Новосибирская область,1985-01-17,,169650.0,
2300152564,619827,2000884697,Кузнецова-Чередова,Зете,Густавовна,1.0,Костромская область,1970-08-03,,,
2300152564,619857,2000884697,Кузнецова-Чередова,Зете,Густавовна,1.0,Костромская область,1970-08-03,,,
2300152611,619337,2000884731,Потороча,Промис,Арсеньевна,1.0,Новосибирская область,1982-09-30,,,
2300152618,619746,2000884615,Путютина,Иветти,Ивановна,1.0,Приморский край,1965-11-10,,,
2300152622,619331,2000884798,Сурмачева,Кванеша,Будимировна,1.0,Новосибирская область,1990-08-14,,,
2300152623,619399,2000884799,Войстрикова,Оскарина,Денисовна,1.0,Вологодская область,1983-05-23,,,
2300152623,619404,2000884799,Войстрикова,Оскарина,Денисовна,1.0,Вологодская область,1983-05-23,,,
2300152624,619325,2000884800,Дьякин,Анос,Вилорович,0.0,Новосибирская область,1985-01-16,,,
2300152625,619332,2000884801,Анджелова,Бетханн,Ремировна,1.0,Костромская область,1990-03-18,,,
2300152626,619341,2000884802,Пыжкин,Брко,Станиславович,0.0,Курганская область,1998-05-16,,,
2300152626,619474,2000884802,Пыжкин,Брко,Станиславович,0.0,Курганская область,1998-05-16,,,
2300152626,619557,2000884802,Пыжкин,Брко,Станиславович,0.0,Курганская область,1998-05-16,,,
2300152626,619561,2000884802,Пыжкин,Брко,Станиславович,0.0,Курганская область,1998-05-16,,,
2300152629,619345,2000884805,Амборнова,Сама,Афанасьевна,1.0,Астраханская область,1999-05-01,,,
2300152632,619347,2000884807,Анджелова,Бетханн,Ремировна,1.0,Костромская область,1990-03-18,,,
2300152684,619414,2000884920,Разночинцев,Кокул,Иванович,0.0,Дагестан,1986-03-23,,,
2300152685,619381,2000884997,Шафиатуллина,Шогер,Вячеславовна,1.0,Новосибирская область,1984-10-04,,,
2300152685,619391,2000884997,Шафиатуллина,Шогер,Вячеславовна,1.0,Новосибирская область,1984-10-04,,,
2300152685,619402,2000884997,Шафиатуллина,Шогер,Вячеславовна,1.0,Новосибирская область,1984-10-04,,195750.0,261000.0
2300152685,619406,2000884997,Шафиатуллина,Шогер,Вячеславовна,1.0,Новосибирская область,1984-10-04,,195750.0,261000.0
2300152685,619411,2000884997,Шафиатуллина,Шогер,Вячеславовна,1.0,Новосибирская область,1984-10-04,,195750.0,261000.0
2300152686,619382,2000884998,Шафиатуллина,Шогер,Вячеславовна,1.0,Новосибирская область,1985-03-25,,,
2300152686,619392,2000884998,Шафиатуллина,Шогер,Вячеславовна,1.0,Новосибирская область,1985-03-25,,,
2300152686,619403,2000884998,Шафиатуллина,Шогер,Вячеславовна,1.0,Новосибирская область,1985-03-25,,195750.0,261000.0
2300152686,619408,2000884998,Шафиатуллина,Шогер,Вячеславовна,1.0,Новосибирская область,1985-03-25,,195750.0,261000.0
2300152686,619413,2000884998,Шафиатуллина,Шогер,Вячеславовна,1.0,Новосибирская область,1985-03-25,,195750.0,261000.0
2300152686,621741,2000884998,Шафиатуллина,Шогер,Вячеславовна,1.0,Новосибирская область,1985-03-25,,,
2300152686,621745,2000884998,Шафиатуллина,Шогер,Вячеславовна,1.0,Новосибирская область,1985-03-25,,195750.0,
2300152687,619417,2000885097,Велосипедова,Грицерия,Артемовна,1.0,Новосибирская область,1990-09-14,,,
2300152687,619489,2000885097,Велосипедова,Грицерия,Артемовна,1.0,Новосибирская область,1990-09-14,,,
2300152687,619525,2000885097,Велосипедова,Грицерия,Артемовна,1.0,Новосибирская область,1990-09-14,,,
2300152687,619582,2000885097,Велосипедова,Грицерия,Артемовна,1.0,Новосибирская область,1990-09-14,,,
2300152689,619398,2000885099,Савина,Шошана,Витомировна,1.0,Новосибирская область,1980-03-02,,,
2300152690,619430,2000885100,Хандамиров,Грегорий,Леонидович,0.0,Коми,1988-02-22,,,
2300152691,619416,2000885101,Орешин,Грегорий,Гарибальдевич,0.0,Новосибирская область,1985-04-22,,,
2300152691,619418,2000885101,Орешин,Грегорий,Гарибальдевич,0.0,Новосибирская область,1985-04-22,,,
2300152692,619445,2000885197,Дуплев,Джамальди,Славомысович,0.0,Новосибирская область,1987-01-09,,,
2300152692,619449,2000885197,Дуплев,Джамальди,Славомысович,0.0,Новосибирская область,1987-01-09,,,
2300152693,619456,2000885102,Бандовкина,Лийза,Семеновна,1.0,Калужская область,1988-02-22,,,
2300152694,619428,2000885103,Саукин,Мусиф,Динович,0.0,Новосибирская область,1991-07-11,,,
2300152694,619429,2000885103,Саукин,Мусиф,Динович,0.0,Новосибирская область,1991-07-11,,,
2300152695,619442,2000885104,Атанян,Ращ,Игоревич,0.0,Новосибирская область,1985-01-14,,,
2300152695,619446,2000885104,Атанян,Ращ,Игоревич,0.0,Новосибирская область,1985-01-14,,,
2300152695,619450,2000885104,Атанян,Ращ,Игоревич,0.0,Новосибирская область,1985-01-14,,169650.0,261000.0
2300152695,619452,2000885104,Атанян,Ращ,Игоревич,0.0,Новосибирская область,1985-01-14,,169650.0,261000.0
2300152695,619455,2000885104,Атанян,Ращ,Игоревич,0.0,Новосибирская область,1985-01-14,,169650.0,261000.0
2300152741,619488,2000375201,Чебушева,Ганзия,Матвеевна,1.0,Новосибирская область,1990-04-07,,,
2300152741,619518,2000375201,Чебушева,Ганзия,Матвеевна,1.0,Новосибирская область,1990-04-07,,,
2300152741,619521,2000375201,Чебушева,Ганзия,Матвеевна,1.0,Новосибирская область,1990-04-07,,282750.0,435000.0
2300152741,619574,2000375201,Чебушева,Ганзия,Матвеевна,1.0,Новосибирская область,1990-04-07,,282750.0,435000.0
2300152741,619646,2000375201,Чебушева,Ганзия,Матвеевна,1.0,Новосибирская область,1990-04-07,,282750.0,435000.0
2300152742,619473,2000885140,Товтривский,Тимурбулат,Кириллович,0.0,Дагестан,1983-11-01,,,
2300152743,619460,2000885297,Жромова,Хамудсиния,Степановна,1.0,Белгородская область,1986-10-13,,,
2300152743,619464,2000885297,Жромова,Хамудсиния,Степановна,1.0,Белгородская область,1986-10-13,,,
2300152743,619472,2000885297,Жромова,Хамудсиния,Степановна,1.0,Белгородская область,1986-10-13,,,
2300152744,619463,2000885398,Креспо,Озэр,Гремиславович,0.0,Новосибирская область,1985-08-27,,,
2300152744,619468,2000885398,Креспо,Озэр,Гремиславович,0.0,Новосибирская область,1985-08-27,,,
2300152745,619471,2000885399,Какунов,Танио,Григорьевич,0.0,Новосибирская область,1978-02-20,,,
2300152745,619478,2000885399,Какунов,Танио,Григорьевич,0.0,Новосибирская область,1978-02-20,,,
2300152745,619484,2000885399,Какунов,Танио,Григорьевич,0.0,Новосибирская область,1978-02-20,,192270.0,295800.0
2300152745,619494,2000885399,Какунов,Танио,Григорьевич,0.0,Новосибирская область,1978-02-20,,192270.0,295800.0
2300152745,619580,2000885399,Какунов,Танио,Григорьевич,0.0,Новосибирская область,1978-02-20,,192270.0,295800.0
2300152745,619623,2000885399,Какунов,Танио,Григорьевич,0.0,Новосибирская область,1978-02-20,,,
2300152746,619497,2000885400,Сурмачева,Маламира,Варленовна,1.0,Новосибирская область,1990-10-14,,,
2300152746,619890,2000885400,Сурмачева,Маламира,Варленовна,1.0,Новосибирская область,1990-10-14,,,
2300152746,619898,2000885400,Сурмачева,Маламира,Варленовна,1.0,Новосибирская область,1990-10-14,,,
2300152746,619903,2000885400,Сурмачева,Маламира,Варленовна,1.0,Новосибирская область,1990-10-14,,,
2300152747,619467,2000885401,Пашистова,Хедвига,Вячеславовна,1.0,Вологодская область,1982-11-21,,,
2300152748,619470,2000884807,Анджелова,Бетханн,Ремировна,1.0,Костромская область,1990-03-18,,,
2300152749,619516,2000885400,Сурмачева,Маламира,Варленовна,1.0,Новосибирская область,1990-10-14,,,
2300152750,619477,2000027201,Юнюшина,Хатире,Хьевна,1.0,Новосибирская область,1997-10-18,,,
2300152750,619485,2000027201,Юнюшина,Хатире,Хьевна,1.0,Новосибирская область,1997-10-18,,,
2300152751,619480,2000885402,Аглиулин,Норман,Гаврилович,0.0,Новосибирская область,1984-12-21,,,
2300152751,619487,2000885402,Аглиулин,Норман,Гаврилович,0.0,Новосибирская область,1984-12-21,,,
2300152752,619522,2000885497,Цыварева,Идрак,Тристановна,1.0,Ханты-Мансийский АО — Югра,1970-01-13,,,
2300152752,619526,2000885497,Цыварева,Идрак,Тристановна,1.0,Ханты-Мансийский АО — Югра,1970-01-13,,,
2300152753,619483,2000851066,Рикконен,Данли,Анатольевич,0.0,Ханты-Мансийский АО — Югра,1990-07-23,,,
2300152754,619515,2000885498,Пашистова,Эстрелла,Степановна,1.0,Новосибирская область,1979-04-14,,,
2300152754,619559,2000885498,Пашистова,Эстрелла,Степановна,1.0,Новосибирская область,1979-04-14,,,
2300152754,619606,2000885498,Пашистова,Эстрелла,Степановна,1.0,Новосибирская область,1979-04-14,,,
2300152754,619617,2000885498,Пашистова,Эстрелла,Степановна,1.0,Новосибирская область,1979-04-14,,273615.0,321900.0
2300152755,619514,2000885499,Хохрикова,Беляница,Хьевна,1.0,Новосибирская область,1990-03-05,,,
2300152755,619527,2000885499,Хохрикова,Беляница,Хьевна,1.0,Новосибирская область,1990-03-05,,,
2300152755,619538,2000885499,Хохрикова,Беляница,Хьевна,1.0,Новосибирская область,1990-03-05,,84825.0,130500.0
2300152755,619549,2000885499,Хохрикова,Беляница,Хьевна,1.0,Новосибирская область,1990-03-05,,84825.0,130500.0
2300152755,619575,2000885499,Хохрикова,Беляница,Хьевна,1.0,Новосибирская область,1990-03-05,,84825.0,130500.0
2300152755,619697,2000885499,Хохрикова,Беляница,Хьевна,1.0,Новосибирская область,1990-03-05,,,
2300152755,620910,2000885499,Хохрикова,Беляница,Хьевна,1.0,Новосибирская область,1990-03-05,,,
2300152755,620944,2000885499,Хохрикова,Беляница,Хьевна,1.0,Новосибирская область,1990-03-05,,84825.0,
2300152756,619495,2000885403,Кухарьков,Дарвиш,Гарибальдевич,0.0,Новосибирская область,1984-10-27,,,
2300152756,619498,2000885403,Кухарьков,Дарвиш,Гарибальдевич,0.0,Новосибирская область,1984-10-27,,,
2300152756,619517,2000885403,Кухарьков,Дарвиш,Гарибальдевич,0.0,Новосибирская область,1984-10-27,,169650.0,261000.0
2300152756,619520,2000885403,Кухарьков,Дарвиш,Гарибальдевич,0.0,Новосибирская область,1984-10-27,,169650.0,261000.0
2300152756,619524,2000885403,Кухарьков,Дарвиш,Гарибальдевич,0.0,Новосибирская область,1984-10-27,,169650.0,261000.0
2300152756,619532,2000885403,Кухарьков,Дарвиш,Гарибальдевич,0.0,Новосибирская область,1984-10-27,,,
2300152756,619552,2000885403,Кухарьков,Дарвиш,Гарибальдевич,0.0,Новосибирская область,1984-10-27,,,
2300152807,619567,2000885422,Сентюров,Вилорд,Львович,0.0,Новосибирская область,1985-08-04,,,
2300152809,619537,2000849966,Котенкова,Петрунька,Черказовна,1.0,Новосибирская область,1990-07-14,,,
2300152810,619540,2000851066,Рикконен,Данли,Анатольевич,0.0,Ханты-Мансийский АО — Югра,1990-07-23,,,
2300152811,619542,2000740104,Коломенчук,Эдият,Назарович,0.0,Адыгея,1990-01-11,,,
2300152812,619544,2000849966,Котенкова,Петрунька,Черказовна,1.0,Новосибирская область,1990-07-14,,,
2300152812,619556,2000849966,Котенкова,Петрунька,Черказовна,1.0,Новосибирская область,1990-07-14,,,
2300152813,619547,2000884397,Быстрикина,Друсила,Витомировна,1.0,Новосибирская область,1976-01-28,,,
2300152814,619576,2000885697,Шевракова,Бетханн,Ремировна,1.0,Костромская область,1990-03-18,,,
2300152814,620770,2000885697,Шевракова,Бетханн,Ремировна,1.0,Костромская область,1990-03-18,,,
2300152816,619616,2000885699,Велосипедова,Эвангелия,Ивановна,1.0,Новосибирская область,1990-11-14,,,
2300152817,619578,2000106304,Кобыленкова,Зульхая,Артемовна,1.0,Костромская область,1978-11-23,,,
2300152817,619647,2000106304,Кобыленкова,Зульхая,Артемовна,1.0,Костромская область,1978-11-23,,,
2300152818,619615,2000885699,Велосипедова,Эвангелия,Ивановна,1.0,Новосибирская область,1990-11-14,,,
2300152820,619614,2000885700,Велосипедова,Эвангелия,Ивановна,1.0,Новосибирская область,1990-02-14,,,
2300152822,619585,2000885797,Савина,Галына,Алексеевна,1.0,Новосибирская область,1988-08-15,,,
2300152869,619601,2000849966,Котенкова,Петрунька,Черказовна,1.0,Новосибирская область,1990-07-14,,,
2300152869,619607,2000849966,Котенкова,Петрунька,Черказовна,1.0,Новосибирская область,1990-07-14,,,
2300152870,619605,2000885826,Зарослян,Тимурбулат,Леонидович,0.0,Новосибирская область,1995-09-06,,,
2300152870,619610,2000885826,Зарослян,Тимурбулат,Леонидович,0.0,Новосибирская область,1995-09-06,,,
2300152870,619620,2000885826,Зарослян,Тимурбулат,Леонидович,0.0,Новосибирская область,1995-09-06,,169650.0,261000.0
2300152870,619629,2000885826,Зарослян,Тимурбулат,Леонидович,0.0,Новосибирская область,1995-09-06,,169650.0,261000.0
2300152870,619634,2000885826,Зарослян,Тимурбулат,Леонидович,0.0,Новосибирская область,1995-09-06,,169650.0,261000.0
2300152870,619639,2000885826,Зарослян,Тимурбулат,Леонидович,0.0,Новосибирская область,1995-09-06,,,
2300152870,620441,2000885826,Зарослян,Тимурбулат,Леонидович,0.0,Новосибирская область,1995-09-06,,169650.0,
2300152871,619604,2000885720,Канская,Анкиндин,Тихонович,0.0,Новосибирская область,1995-01-08,,,
2300152871,619611,2000885720,Канская,Анкиндин,Тихонович,0.0,Новосибирская область,1995-01-08,,,
2300152872,619621,2000885897,Бурилев,Трефор,Воронович,0.0,Новосибирская область,1985-06-11,,,
2300152872,619630,2000885897,Бурилев,Трефор,Воронович,0.0,Новосибирская область,1985-06-11,,,
2300152872,619637,2000885897,Бурилев,Трефор,Воронович,0.0,Новосибирская область,1985-06-11,,169650.0,261000.0
2300152872,619644,2000885897,Бурилев,Трефор,Воронович,0.0,Новосибирская область,1985-06-11,,169650.0,261000.0
2300152872,619650,2000885897,Бурилев,Трефор,Воронович,0.0,Новосибирская область,1985-06-11,,169650.0,261000.0
2300152872,619654,2000885897,Бурилев,Трефор,Воронович,0.0,Новосибирская область,1985-06-11,,,
2300152872,619663,2000885897,Бурилев,Трефор,Воронович,0.0,Новосибирская область,1985-06-11,,,
2300152873,619636,2000021002,Розен-Акмальдинова,Шошана,Эльдаровна,1.0,Новосибирская область,1997-10-18,,,
2300152874,619675,2000885997,Валандина,Донэра,Андреевна,1.0,Новосибирская область,1970-02-14,,,
2300152875,619691,2000885999,Стажакина,Маламира,Михалаповна,1.0,Ханты-Мансийский АО — Югра,1970-01-13,,,
2300152875,619693,2000885999,Стажакина,Маламира,Михалаповна,1.0,Ханты-Мансийский АО — Югра,1970-01-13,,,
2300152876,619707,2000886000,Креспо,Фрасер,Елисеевич,0.0,Дагестан,1983-11-01,,,
2300152876,619748,2000886000,Креспо,Фрасер,Елисеевич,0.0,Дагестан,1983-11-01,,,
2300152876,619783,2000886000,Креспо,Фрасер,Елисеевич,0.0,Дагестан,1983-11-01,,,
2300152876,619786,2000886000,Креспо,Фрасер,Елисеевич,0.0,Дагестан,1983-11-01,,,
2300152877,619674,2000886001,Облифнов,Сея,Пегорович,0.0,Новосибирская область,1984-12-12,,,
2300152877,619678,2000886001,Облифнов,Сея,Пегорович,0.0,Новосибирская область,1984-12-12,,,
2300152877,619690,2000886001,Облифнов,Сея,Пегорович,0.0,Новосибирская область,1984-12-12,,169650.0,261000.0
2300152877,619695,2000886001,Облифнов,Сея,Пегорович,0.0,Новосибирская область,1984-12-12,,169650.0,261000.0
2300152877,619703,2000886001,Облифнов,Сея,Пегорович,0.0,Новосибирская область,1984-12-12,,169650.0,261000.0
2300152877,619714,2000886001,Облифнов,Сея,Пегорович,0.0,Новосибирская область,1984-12-12,,,
2300152877,619736,2000886001,Облифнов,Сея,Пегорович,0.0,Новосибирская область,1984-12-12,,,
2300152923,619705,2000886129,Солосина,Бетханн,Ремировна,1.0,Костромская область,1990-03-18,,,
2300152923,619791,2000886129,Солосина,Бетханн,Ремировна,1.0,Костромская область,1990-03-18,,,
2300152923,619862,2000886129,Солосина,Бетханн,Ремировна,1.0,Костромская область,1990-03-18,,,
2300152923,619865,2000886129,Солосина,Бетханн,Ремировна,1.0,Костромская область,1990-03-18,,,
2300152923,619868,2000886129,Солосина,Бетханн,Ремировна,1.0,Костромская область,1990-03-18,,,
2300152925,619741,2000886197,Корчиненкова,Офык,Шаяховна,1.0,Ханты-Мансийский АО — Югра,1970-01-13,,,
2300152925,619744,2000886197,Корчиненкова,Офык,Шаяховна,1.0,Ханты-Мансийский АО — Югра,1970-01-13,,,
2300152926,619763,2000813063,Цулина,Нюрхан,Хьевна,1.0,Новосибирская область,1992-01-20,,,
2300152927,619764,2000886297,Казагашева,Хатире,Хьевна,1.0,Новосибирская область,1970-01-01,,,
2300152927,619893,2000886297,Казагашева,Хатире,Хьевна,1.0,Новосибирская область,1970-01-01,,,
2300152927,619968,2000886297,Казагашева,Хатире,Хьевна,1.0,Новосибирская область,1970-01-01,,,
2300152927,619969,2000886297,Казагашева,Хатире,Хьевна,1.0,Новосибирская область,1970-01-01,,,
2300152928,619750,2000021002,Розен-Акмальдинова,Шошана,Эльдаровна,1.0,Новосибирская область,1997-10-18,,,
2300152929,619752,2000851066,Рикконен,Данли,Анатольевич,0.0,Ханты-Мансийский АО — Югра,1990-07-23,,,
2300152930,619756,2000886198,Читакин,Венегдит,Григорьевич,0.0,Ханты-Мансийский АО — Югра,1990-07-23,,,
2300152931,619758,2000849967,Можов,Аспазий,Маркович,0.0,Ханты-Мансийский АО — Югра,1990-07-23,,,
2300152932,619760,2000886199,Какунов,Арзиг,Елисеевич,0.0,Новосибирская область,1990-05-15,,,
2300152932,619762,2000886199,Какунов,Арзиг,Елисеевич,0.0,Новосибирская область,1990-05-15,,,
2300152932,619781,2000886199,Какунов,Арзиг,Елисеевич,0.0,Новосибирская область,1990-05-15,,,
2300152933,619765,2000886200,Тиунова,Татяна,Даниловна,1.0,Ханты-Мансийский АО — Югра,1970-01-13,,,
2300152933,619767,2000886200,Тиунова,Татяна,Даниловна,1.0,Ханты-Мансийский АО — Югра,1970-01-13,,,
2300152933,619779,2000886200,Тиунова,Татяна,Даниловна,1.0,Ханты-Мансийский АО — Югра,1970-01-13,,,
2300152933,619780,2000886200,Тиунова,Татяна,Даниловна,1.0,Ханты-Мансийский АО — Югра,1970-01-13,,,
2300152979,619794,2000886397,Бурмистенко,Монтрос,Рианович,0.0,Вологодская область,1990-06-06,,,
2300152979,619797,2000886397,Бурмистенко,Монтрос,Рианович,0.0,Вологодская область,1990-06-06,,,
2300152979,619800,2000886397,Бурмистенко,Монтрос,Рианович,0.0,Вологодская область,1990-06-06,,134987.0,160950.0
2300152979,619840,2000886397,Бурмистенко,Монтрос,Рианович,0.0,Вологодская область,1990-06-06,,134987.0,160950.0
2300152979,619847,2000886397,Бурмистенко,Монтрос,Рианович,0.0,Вологодская область,1990-06-06,,134987.0,160950.0
2300152980,619793,2000886398,Корчива,Утабике,Витомировна,1.0,Новосибирская область,1976-01-28,,,
2300152981,619798,2000886399,Жевайкина,Оскарина,Анатольевна,1.0,Новосибирская область,1983-07-03,,,
2300152981,619799,2000886399,Жевайкина,Оскарина,Анатольевна,1.0,Новосибирская область,1983-07-03,,,
2300152981,619801,2000886399,Жевайкина,Оскарина,Анатольевна,1.0,Новосибирская область,1983-07-03,,169650.0,261000.0
2300152981,619804,2000886399,Жевайкина,Оскарина,Анатольевна,1.0,Новосибирская область,1983-07-03,,169650.0,261000.0
2300152981,619816,2000886399,Жевайкина,Оскарина,Анатольевна,1.0,Новосибирская область,1983-07-03,,169650.0,261000.0
2300152981,619819,2000886399,Жевайкина,Оскарина,Анатольевна,1.0,Новосибирская область,1983-07-03,,,
2300152982,619817,2000886400,Чапчаева,Хедвига,Хьевна,1.0,Вологодская область,1990-02-02,,,
2300152982,619824,2000886400,Чапчаева,Хедвига,Хьевна,1.0,Вологодская область,1990-02-02,,,
2300152982,619828,2000886400,Чапчаева,Хедвига,Хьевна,1.0,Вологодская область,1990-02-02,,134987.0,160950.0
2300152982,619835,2000886400,Чапчаева,Хедвига,Хьевна,1.0,Вологодская область,1990-02-02,,134987.0,160950.0
2300152982,619845,2000886400,Чапчаева,Хедвига,Хьевна,1.0,Вологодская область,1990-02-02,,134987.0,160950.0
2300153028,619826,2000886521,Невматуллина,Самария,Платоновна,1.0,Новосибирская область,1960-12-31,,,
2300153028,619833,2000886521,Невматуллина,Самария,Платоновна,1.0,Новосибирская область,1960-12-31,,,
2300153028,619836,2000886521,Невматуллина,Самария,Платоновна,1.0,Новосибирская область,1960-12-31,,,
2300153029,619837,2000886597,Шафиатуллина,Шогер,Вячеславовна,1.0,Новосибирская область,1984-11-01,,,
2300153029,619842,2000886597,Шафиатуллина,Шогер,Вячеславовна,1.0,Новосибирская область,1984-11-01,,,
2300153029,619850,2000886597,Шафиатуллина,Шогер,Вячеславовна,1.0,Новосибирская область,1984-11-01,,195750.0,261000.0
2300153029,619854,2000886597,Шафиатуллина,Шогер,Вячеславовна,1.0,Новосибирская область,1984-11-01,,195750.0,261000.0
2300153029,619859,2000886597,Шафиатуллина,Шогер,Вячеславовна,1.0,Новосибирская область,1984-11-01,,195750.0,261000.0
2300153030,619838,2000886598,Шафиатуллина,Шогер,Вячеславовна,1.0,Новосибирская область,1985-08-08,,,
2300153030,619843,2000886598,Шафиатуллина,Шогер,Вячеславовна,1.0,Новосибирская область,1985-08-08,,,
2300153030,619851,2000886598,Шафиатуллина,Шогер,Вячеславовна,1.0,Новосибирская область,1985-08-08,,195750.0,261000.0
2300153030,619856,2000886598,Шафиатуллина,Шогер,Вячеславовна,1.0,Новосибирская область,1985-08-08,,195750.0,261000.0
2300153030,619861,2000886598,Шафиатуллина,Шогер,Вячеславовна,1.0,Новосибирская область,1985-08-08,,195750.0,261000.0
2300153031,619869,2000851766,Череватая,Аннуш,Воронович,0.0,Астраханская область,1977-11-19,,,
2300153032,619849,2000851865,Котенкова,Беляница,Октябрятовна,1.0,Новосибирская область,1990-06-30,,,
2300153032,619852,2000851865,Котенкова,Беляница,Октябрятовна,1.0,Новосибирская область,1990-06-30,,,
2300153033,619864,2000886697,Кузнецова-Чередова,Зете,Густавовна,1.0,Костромская область,1970-08-03,,,
2300153033,619889,2000886697,Кузнецова-Чередова,Зете,Густавовна,1.0,Костромская область,1970-08-03,,,
2300153033,619907,2000886697,Кузнецова-Чередова,Зете,Густавовна,1.0,Костромская область,1970-08-03,,,
2300153033,619908,2000886697,Кузнецова-Чередова,Зете,Густавовна,1.0,Костромская область,1970-08-03,,,
2300153034,619867,2000886699,Москачева,Агава,Даниловна,1.0,Новосибирская область,1993-03-16,,,
2300153034,620365,2000886699,Москачева,Агава,Даниловна,1.0,Новосибирская область,1993-03-16,,,
2300153035,619872,2000886700,Анджелова,Бетханн,Ремировна,1.0,Костромская область,1990-03-18,,,
2300153035,619891,2000886700,Анджелова,Бетханн,Ремировна,1.0,Костромская область,1990-03-18,,,
2300153036,619874,2000886701,Рыкачева,Бетханн,Ремировна,1.0,Костромская область,1990-03-18,,,
2300153036,619902,2000886701,Рыкачева,Бетханн,Ремировна,1.0,Костромская область,1990-03-18,,,
2300153082,619892,2000886729,Ковыкина,Дэйвия,Хьевна,1.0,Новосибирская область,1980-02-20,,,
2300153082,619901,2000886729,Ковыкина,Дэйвия,Хьевна,1.0,Новосибирская область,1980-02-20,,,
2300153083,619888,2000106304,Кобыленкова,Зульхая,Артемовна,1.0,Костромская область,1978-11-23,,,
2300153085,619905,2000886798,Хизяпова,Донэра,Андреевна,1.0,Новосибирская область,1970-02-14,,,
2300153085,619918,2000886798,Хизяпова,Донэра,Андреевна,1.0,Новосибирская область,1970-02-14,,,
2300153085,619922,2000886798,Хизяпова,Донэра,Андреевна,1.0,Новосибирская область,1970-02-14,,,
2300153086,619906,2000886799,Рулянцева,Марксистка,Ремировна,1.0,Новосибирская область,1983-11-12,,,
2300153087,619900,2000850576,Кобыленкова,Имилина,Павловна,1.0,Костромская область,1969-02-03,,,
2300153087,619934,2000850576,Кобыленкова,Имилина,Павловна,1.0,Костромская область,1969-02-03,,,
2300153088,619909,2000886800,Додерко,Лябиб,Иванович,0.0,Новосибирская область,1978-08-31,,,
2300153134,619926,2000886897,Потороча,Хинд,Ремировна,1.0,Новосибирская область,1984-06-21,,,
2300153134,619932,2000886897,Потороча,Хинд,Ремировна,1.0,Новосибирская область,1984-06-21,,,
2300153134,619946,2000886897,Потороча,Хинд,Ремировна,1.0,Новосибирская область,1984-06-21,,,
2300153134,619947,2000886897,Потороча,Хинд,Ремировна,1.0,Новосибирская область,1984-06-21,,,
2300153135,619924,2000886997,Затерюкина,Изена,Вячеславовна,1.0,Орловская область,1982-05-04,,,
2300153136,619928,2000849966,Котенкова,Петрунька,Черказовна,1.0,Новосибирская область,1990-07-14,,,
2300153136,619952,2000849966,Котенкова,Петрунька,Черказовна,1.0,Новосибирская область,1990-07-14,,,
2300153137,619930,2000849966,Котенкова,Петрунька,Черказовна,1.0,Новосибирская область,1990-07-14,,,
2300153137,619933,2000849966,Котенкова,Петрунька,Черказовна,1.0,Новосибирская область,1990-07-14,,,
2300153138,619948,2000886998,Симаненко,Кинтион,Лэндонович,0.0,Новосибирская область,1996-07-19,,,
2300153138,619953,2000886998,Симаненко,Кинтион,Лэндонович,0.0,Новосибирская область,1996-07-19,,,
2300153184,619950,2000813856,Котенкова,Габби,Вячеславовна,1.0,Новосибирская область,1990-07-14,,,
2300153184,619951,2000813856,Котенкова,Габби,Вячеславовна,1.0,Новосибирская область,1990-07-14,,,
2300153185,619973,2000887197,Кобыленкова,Хинд,Ярославовна,1.0,Новосибирская область,1991-07-13,,,
2300153186,619975,2000887197,Кобыленкова,Хинд,Ярославовна,1.0,Новосибирская область,1991-07-13,,,
2300153186,619982,2000887197,Кобыленкова,Хинд,Ярославовна,1.0,Новосибирская область,1991-07-13,,,
2300153186,619988,2000887197,Кобыленкова,Хинд,Ярославовна,1.0,Новосибирская область,1991-07-13,,,
2300153186,619991,2000887197,Кобыленкова,Хинд,Ярославовна,1.0,Новосибирская область,1991-07-13,,,
2300153232,619985,2000887397,Аинетдинова,Ефросиня,Иеронимовна,1.0,Новосибирская область,1991-02-02,,,
2300153232,619999,2000887397,Аинетдинова,Ефросиня,Иеронимовна,1.0,Новосибирская область,1991-02-02,,,
2300153233,619972,2000813856,Котенкова,Габби,Вячеславовна,1.0,Новосибирская область,1990-07-14,,,
2300153233,619974,2000813856,Котенкова,Габби,Вячеславовна,1.0,Новосибирская область,1990-07-14,,,
2300153234,619980,2000887497,Ремизова,Неорина,Валерьевна,1.0,Новосибирская область,1982-09-21,,,
2300153234,619981,2000887497,Ремизова,Неорина,Валерьевна,1.0,Новосибирская область,1982-09-21,,,
2300153234,619983,2000887497,Ремизова,Неорина,Валерьевна,1.0,Новосибирская область,1982-09-21,,169650.0,261000.0
2300153234,619987,2000887497,Ремизова,Неорина,Валерьевна,1.0,Новосибирская область,1982-09-21,,169650.0,261000.0
2300153234,619990,2000887497,Ремизова,Неорина,Валерьевна,1.0,Новосибирская область,1982-09-21,,169650.0,261000.0
2300153234,619994,2000887497,Ремизова,Неорина,Валерьевна,1.0,Новосибирская область,1982-09-21,,,
2300153235,620010,2000887498,Правоторова,Салма,Михайловна,1.0,Новосибирская область,1978-08-31,,,
2300153236,620013,2000887499,Кобыленкова,Хинд,Павловна,1.0,Новосибирская область,1991-07-11,,,
2300153236,620014,2000887499,Кобыленкова,Хинд,Павловна,1.0,Новосибирская область,1991-07-11,,,
2300153236,620015,2000887499,Кобыленкова,Хинд,Павловна,1.0,Новосибирская область,1991-07-11,,,
2300153236,620017,2000887499,Кобыленкова,Хинд,Павловна,1.0,Новосибирская область,1991-07-11,,,
2300153237,620016,2000887500,Котенкова,Ролонида,Арсеньевна,1.0,Новосибирская область,1978-11-24,,,
2300153237,620019,2000887500,Котенкова,Ролонида,Арсеньевна,1.0,Новосибирская область,1978-11-24,,,
2300153237,620020,2000887500,Котенкова,Ролонида,Арсеньевна,1.0,Новосибирская область,1978-11-24,,,
2300153237,620021,2000887500,Котенкова,Ролонида,Арсеньевна,1.0,Новосибирская область,1978-11-24,,,
2300153283,620018,2000887618,Котенкова,Ролонида,Иеронимовна,1.0,Новосибирская область,1978-11-24,,,
2300153283,620026,2000887618,Котенкова,Ролонида,Иеронимовна,1.0,Новосибирская область,1978-11-24,,,
2300153284,620024,2000887697,Арышева,Альфрида,Гениевна,1.0,Новосибирская область,1983-08-05,,,
2300153284,620025,2000887697,Арышева,Альфрида,Гениевна,1.0,Новосибирская область,1983-08-05,,,
2300153285,620040,2000887698,Котенкова,Ролонида,Октябрятовна,1.0,Новосибирская область,1978-11-24,,,
2300153285,620699,2000887698,Котенкова,Ролонида,Октябрятовна,1.0,Новосибирская область,1978-11-24,,,
2300153331,620044,2000887815,Тиунова,Палогея,Даниловна,1.0,Ханты-Мансийский АО — Югра,1970-01-13,,,
2300153331,620045,2000887815,Тиунова,Палогея,Даниловна,1.0,Ханты-Мансийский АО — Югра,1970-01-13,,,
2300153332,620039,2000887897,Чапчаева,Грофена,Валериевна,1.0,Новосибирская область,1984-06-08,,,
2300153332,620041,2000887897,Чапчаева,Грофена,Валериевна,1.0,Новосибирская область,1984-06-08,,,
2300153332,620042,2000887897,Чапчаева,Грофена,Валериевна,1.0,Новосибирская область,1984-06-08,,,
2300153332,620043,2000887897,Чапчаева,Грофена,Валериевна,1.0,Новосибирская область,1984-06-08,,,
2300154277,620274,2000892497,Гофман,Эдият,Егорович,0.0,Ханты-Мансийский АО — Югра,1978-09-24,,,
2300154277,620275,2000892497,Гофман,Эдият,Егорович,0.0,Ханты-Мансийский АО — Югра,1978-09-24,,,
2300154277,620286,2000892497,Гофман,Эдият,Егорович,0.0,Ханты-Мансийский АО — Югра,1978-09-24,,,
2300154278,620273,2000892498,Черчин,Сафари,Пегорович,0.0,Ханты-Мансийский АО — Югра,1990-09-22,,,
2300154278,620276,2000892498,Черчин,Сафари,Пегорович,0.0,Ханты-Мансийский АО — Югра,1990-09-22,,,
2300154278,620287,2000892498,Черчин,Сафари,Пегорович,0.0,Ханты-Мансийский АО — Югра,1990-09-22,,,
2300154278,620288,2000892498,Черчин,Сафари,Пегорович,0.0,Ханты-Мансийский АО — Югра,1990-09-22,,,
2300154461,620345,2000893323,Ольшанченкова,Лийза,Андреевна,1.0,Ростовская область,1987-07-14,,,
2300154462,620348,2000893323,Ольшанченкова,Лийза,Андреевна,1.0,Ростовская область,1987-07-14,,,
2300154462,620369,2000893323,Ольшанченкова,Лийза,Андреевна,1.0,Ростовская область,1987-07-14,,,
2300154462,620425,2000893323,Ольшанченкова,Лийза,Андреевна,1.0,Ростовская область,1987-07-14,,,
2300154462,620442,2000893323,Ольшанченкова,Лийза,Андреевна,1.0,Ростовская область,1987-07-14,,,
2300154463,620363,2000893324,Пришивалко,Ясленик,Рианович,0.0,Новосибирская область,1978-08-31,,,
2300154463,621111,2000893324,Пришивалко,Ясленик,Рианович,0.0,Новосибирская область,1978-08-31,,,
2300154463,621138,2000893324,Пришивалко,Ясленик,Рианович,0.0,Новосибирская область,1978-08-31,,,
2300154463,621143,2000893324,Пришивалко,Ясленик,Рианович,0.0,Новосибирская область,1978-08-31,,,
2300154509,620387,2000893430,Глобина,Эллоида,Денисовна,1.0,Омская область,1980-01-01,,,
2300154509,620392,2000893430,Глобина,Эллоида,Денисовна,1.0,Омская область,1980-01-01,,,
2300154510,620371,2000893431,Кобыленкова,Хинд,Октябрятовна,1.0,Новосибирская область,1990-07-11,,,
2300154510,620479,2000893431,Кобыленкова,Хинд,Октябрятовна,1.0,Новосибирская область,1990-07-11,,,
2300154511,620384,2000893597,Кузнецова-Чередова,Адельина,Густавовна,1.0,Ханты-Мансийский АО — Югра,1970-01-13,,,
2300154511,620386,2000893597,Кузнецова-Чередова,Адельина,Густавовна,1.0,Ханты-Мансийский АО — Югра,1970-01-13,,,
2300154512,620385,2000893697,Невматуллина,Айно,Гениевна,1.0,Дагестан,1973-02-01,,,
2300154558,620396,2000893997,Черехина,Узумджа,Даниловна,1.0,Новосибирская область,1990-03-05,,,
2300154558,620401,2000893997,Черехина,Узумджа,Даниловна,1.0,Новосибирская область,1990-03-05,,,
2300154559,620423,2000893998,Толаев,Анилкар,Хадиевич,0.0,Марий Эл,1966-03-01,,,
2300154560,620424,2000893999,Колокольчева,Альфрида,Азимовна,1.0,Ханты-Мансийский АО — Югра,1970-01-13,,,
2300154560,620427,2000893999,Колокольчева,Альфрида,Азимовна,1.0,Ханты-Мансийский АО — Югра,1970-01-13,,,
2300154561,620400,2000893904,Бордашева,Джигет,Ильсияровна,1.0,Новосибирская область,1982-12-02,,,
2300154561,620402,2000893904,Бордашева,Джигет,Ильсияровна,1.0,Новосибирская область,1982-12-02,,,
2300154561,620404,2000893904,Бордашева,Джигет,Ильсияровна,1.0,Новосибирская область,1982-12-02,,169650.0,261000.0
2300154561,620409,2000893904,Бордашева,Джигет,Ильсияровна,1.0,Новосибирская область,1982-12-02,,169650.0,261000.0
2300154561,620412,2000893904,Бордашева,Джигет,Ильсияровна,1.0,Новосибирская область,1982-12-02,,169650.0,261000.0
2300154561,620418,2000893904,Бордашева,Джигет,Ильсияровна,1.0,Новосибирская область,1982-12-02,,,
2300154562,620399,2000894000,Анджелова,Бетханн,Ремировна,1.0,Костромская область,1969-02-03,,,
2300154562,620585,2000894000,Анджелова,Бетханн,Ремировна,1.0,Костромская область,1969-02-03,,,
2300154562,620688,2000894000,Анджелова,Бетханн,Ремировна,1.0,Костромская область,1969-02-03,,,
2300154562,620692,2000894000,Анджелова,Бетханн,Ремировна,1.0,Костромская область,1969-02-03,,,
2300154563,620457,2000894001,Левтонов,Артемидор,Архипович,0.0,Новосибирская область,1982-02-10,,,
2300154565,620464,2000894002,Шаменина,Элижбета,Артемовна,1.0,Новосибирская область,1986-07-29,,,
2300154566,620422,2000894003,Огарышева,Сталина,Анатольевна,1.0,Новосибирская область,1985-01-14,,,
2300154566,620430,2000894003,Огарышева,Сталина,Анатольевна,1.0,Новосибирская область,1985-01-14,,,
2300154566,620435,2000894003,Огарышева,Сталина,Анатольевна,1.0,Новосибирская область,1985-01-14,,,
2300154566,620445,2000894003,Огарышева,Сталина,Анатольевна,1.0,Новосибирская область,1985-01-14,,,
2300154566,620458,2000894003,Огарышева,Сталина,Анатольевна,1.0,Новосибирская область,1985-01-14,,,
2300154567,620429,2000849967,Можов,Аспазий,Маркович,0.0,Ханты-Мансийский АО — Югра,1990-07-23,,,
2300154568,620437,2000147201,Заулочнова,Беневша,Валентиновна,1.0,Новосибирская область,1986-07-17,,,
2300154568,620462,2000147201,Заулочнова,Беневша,Валентиновна,1.0,Новосибирская область,1986-07-17,,,
2300154568,620463,2000147201,Заулочнова,Беневша,Валентиновна,1.0,Новосибирская область,1986-07-17,,197925.0,304500.0
2300154568,620472,2000147201,Заулочнова,Беневша,Валентиновна,1.0,Новосибирская область,1986-07-17,,197925.0,304500.0
2300154568,620477,2000147201,Заулочнова,Беневша,Валентиновна,1.0,Новосибирская область,1986-07-17,,197925.0,304500.0
2300154568,620542,2000147201,Заулочнова,Беневша,Валентиновна,1.0,Новосибирская область,1986-07-17,,,
2300154569,620473,2000894097,Фарахитина,Зульхая,Вильгельмовна,1.0,Магаданская область,1962-03-01,,,
2300154569,621024,2000894097,Фарахитина,Зульхая,Вильгельмовна,1.0,Магаданская область,1962-03-01,,,
2300154569,621347,2000894097,Фарахитина,Зульхая,Вильгельмовна,1.0,Магаданская область,1962-03-01,,,
2300154569,621351,2000894097,Фарахитина,Зульхая,Вильгельмовна,1.0,Магаданская область,1962-03-01,,,
2300154570,620436,2000894098,Магутенкова,Шошана,Кравасиловна,1.0,Новосибирская область,1984-07-06,,,
2300154571,620439,2000849968,Ахматов,Акай,Ургавнебович,0.0,Ханты-Мансийский АО — Югра,1990-07-23,,,
2300154572,620447,2000894099,Розен-Акмальдинова,Шошана,Варленовна,1.0,Новосибирская область,1982-03-13,,,
2300154619,620461,2000851166,Селиванчиков,Гил,Таклесович,0.0,Ханты-Мансийский АО — Югра,1990-07-23,,,
2300154620,620468,2000894315,Шафиатуллина,Шогер,Вячеславовна,1.0,Новосибирская область,1985-04-22,,,
2300154620,620474,2000894315,Шафиатуллина,Шогер,Вячеславовна,1.0,Новосибирская область,1985-04-22,,,
2300154621,620469,2000894316,Шафиатуллина,Шогер,Вячеславовна,1.0,Новосибирская область,1985-09-08,,,
2300154621,620475,2000894316,Шафиатуллина,Шогер,Вячеславовна,1.0,Новосибирская область,1985-09-08,,,
2300154622,620470,2000894317,Цибулька,Бернадия,Авраамовна,1.0,Новосибирская область,1984-10-01,,,
2300154623,620481,2000894397,Бормосова,Джигет,Дастиновна,1.0,Новосибирская область,1983-01-04,,,
2300154623,620485,2000894397,Бормосова,Джигет,Дастиновна,1.0,Новосибирская область,1983-01-04,,,
2300154623,620489,2000894397,Бормосова,Джигет,Дастиновна,1.0,Новосибирская область,1983-01-04,,169650.0,261000.0
2300154623,620493,2000894397,Бормосова,Джигет,Дастиновна,1.0,Новосибирская область,1983-01-04,,169650.0,261000.0
2300154623,620497,2000894397,Бормосова,Джигет,Дастиновна,1.0,Новосибирская область,1983-01-04,,169650.0,261000.0
2300154623,620503,2000894397,Бормосова,Джигет,Дастиновна,1.0,Новосибирская область,1983-01-04,,,
2300154625,620483,2000813856,Котенкова,Габби,Вячеславовна,1.0,Новосибирская область,1990-07-14,,,
2300154625,620759,2000813856,Котенкова,Габби,Вячеславовна,1.0,Новосибирская область,1990-07-14,,,
2300154626,620522,2000394101,Шамхалов,Гоча,Воронович,0.0,Ханты-Мансийский АО — Югра,1990-07-23,,,
2300154626,620527,2000394101,Шамхалов,Гоча,Воронович,0.0,Ханты-Мансийский АО — Югра,1990-07-23,,,
2300154627,620487,2000886398,Корчива,Утабике,Витомировна,1.0,Новосибирская область,1976-01-28,,,
2300154629,620494,2000894399,Шафиатуллина,Шогер,Вячеславовна,1.0,Новосибирская область,1985-05-14,,,
2300154629,620500,2000894399,Шафиатуллина,Шогер,Вячеславовна,1.0,Новосибирская область,1985-05-14,,,
2300154629,620513,2000894399,Шафиатуллина,Шогер,Вячеславовна,1.0,Новосибирская область,1985-05-14,,195750.0,261000.0
2300154629,620521,2000894399,Шафиатуллина,Шогер,Вячеславовна,1.0,Новосибирская область,1985-05-14,,195750.0,261000.0
2300154629,620524,2000894399,Шафиатуллина,Шогер,Вячеславовна,1.0,Новосибирская область,1985-05-14,,195750.0,261000.0
2300154629,620557,2000894399,Шафиатуллина,Шогер,Вячеславовна,1.0,Новосибирская область,1985-05-14,,,
2300154630,620495,2000894320,Шафиатуллина,Шогер,Вячеславовна,1.0,Новосибирская область,1985-05-06,,,
2300154630,620499,2000894320,Шафиатуллина,Шогер,Вячеславовна,1.0,Новосибирская область,1985-05-06,,,
2300154630,620512,2000894320,Шафиатуллина,Шогер,Вячеславовна,1.0,Новосибирская область,1985-05-06,,195750.0,261000.0
2300154630,620517,2000894320,Шафиатуллина,Шогер,Вячеславовна,1.0,Новосибирская область,1985-05-06,,195750.0,261000.0
2300154630,620526,2000894320,Шафиатуллина,Шогер,Вячеславовна,1.0,Новосибирская область,1985-05-06,,195750.0,261000.0
2300154630,620551,2000894320,Шафиатуллина,Шогер,Вячеславовна,1.0,Новосибирская область,1985-05-06,,,
2300154631,620537,2000894401,Коломенчук,Енисей,Иванович,0.0,Коми,1988-05-14,,,
2300154632,620511,2000894402,Анджелова,Бетханн,Ремировна,1.0,Новосибирская область,1976-01-28,,,
2300154632,621105,2000894402,Анджелова,Бетханн,Ремировна,1.0,Новосибирская область,1976-01-28,,,
2300154633,620563,2000894497,Хандамиров,Шумило,Хадиевич,0.0,Дагестан,1962-03-01,,,
2300154679,620540,2000894710,Лухадеева,Бетханн,Ремировна,1.0,Костромская область,1990-03-18,,,
2300154680,620572,2000894597,Жромова,Шогер,Хьевна,1.0,Новосибирская область,1950-11-10,,,
2300154680,620581,2000894597,Жромова,Шогер,Хьевна,1.0,Новосибирская область,1950-11-10,,,
2300154680,620584,2000894597,Жромова,Шогер,Хьевна,1.0,Новосибирская область,1950-11-10,,255425.0,300500.0
2300154681,620554,2000894712,Хандамиров,Лябиб,Игоревич,0.0,Новосибирская область,1984-12-27,,,
2300154681,620562,2000894712,Хандамиров,Лябиб,Игоревич,0.0,Новосибирская область,1984-12-27,,,
2300154681,620565,2000894712,Хандамиров,Лябиб,Игоревич,0.0,Новосибирская область,1984-12-27,,169650.0,261000.0
2300154681,620571,2000894712,Хандамиров,Лябиб,Игоревич,0.0,Новосибирская область,1984-12-27,,169650.0,261000.0
2300154681,620574,2000894712,Хандамиров,Лябиб,Игоревич,0.0,Новосибирская область,1984-12-27,,169650.0,261000.0
2300154681,620577,2000894712,Хандамиров,Лябиб,Игоревич,0.0,Новосибирская область,1984-12-27,,,
2300154681,620588,2000894712,Хандамиров,Лябиб,Игоревич,0.0,Новосибирская область,1984-12-27,,,
2300154682,620549,2000106304,Кобыленкова,Зульхая,Артемовна,1.0,Костромская область,1978-11-23,,,
2300154683,620625,2000894713,Кожома,Оскарина,Денисовна,1.0,Вологодская область,1984-05-21,,,
2300154683,620634,2000894713,Кожома,Оскарина,Денисовна,1.0,Вологодская область,1984-05-21,,,
2300154684,620567,2000851166,Селиванчиков,Гил,Таклесович,0.0,Ханты-Мансийский АО — Югра,1990-07-23,,,
2300154685,620569,2000106304,Кобыленкова,Зульхая,Артемовна,1.0,Костромская область,1978-11-23,,,
2300154686,620623,2000894717,Рапуто,Алдынхерел,Лэндонович,0.0,Новосибирская область,1983-11-11,,,
2300154687,620621,2000894715,Бойштян,Язит,Иванович,0.0,Новосибирская область,1994-07-03,,,
2300154687,620655,2000894715,Бойштян,Язит,Иванович,0.0,Новосибирская область,1994-07-03,,,
2300154688,620598,2000894716,Жромова,Лера,Хьевна,1.0,Новосибирская область,1950-10-10,,,
2300154688,620604,2000894716,Жромова,Лера,Хьевна,1.0,Новосибирская область,1950-10-10,,,
2300154688,620616,2000894716,Жромова,Лера,Хьевна,1.0,Новосибирская область,1950-10-10,,78000.0,120000.0
2300154689,620653,2000894797,Дуплев,Залибек,Архипович,0.0,Новосибирская область,1983-01-06,,,
2300154690,620602,2000894799,Шафиатуллина,Шогер,Вячеславовна,1.0,Новосибирская область,1984-12-01,,,
2300154690,620609,2000894799,Шафиатуллина,Шогер,Вячеславовна,1.0,Новосибирская область,1984-12-01,,,
2300154690,620620,2000894799,Шафиатуллина,Шогер,Вячеславовна,1.0,Новосибирская область,1984-12-01,,195750.0,261000.0
2300154690,620628,2000894799,Шафиатуллина,Шогер,Вячеславовна,1.0,Новосибирская область,1984-12-01,,195750.0,261000.0
2300154690,620647,2000894799,Шафиатуллина,Шогер,Вячеславовна,1.0,Новосибирская область,1984-12-01,,195750.0,261000.0
2300154690,620666,2000894799,Шафиатуллина,Шогер,Вячеславовна,1.0,Новосибирская область,1984-12-01,,,
2300154691,620603,2000894800,Шафиатуллина,Шогер,Вячеславовна,1.0,Новосибирская область,1984-10-24,,,
2300154691,620608,2000894800,Шафиатуллина,Шогер,Вячеславовна,1.0,Новосибирская область,1984-10-24,,,
2300154692,620662,2000894897,Шахрамьян,Фирмос,Росславович,0.0,Новосибирская область,1982-01-17,,,
2300154693,620645,2000894997,Магутенкова,Яара,Платоновна,1.0,Новосибирская область,1985-04-21,,,
2300154694,620632,2000884516,Кожуренцев,Епифан,Лудиславович,0.0,Костромская область,1990-04-18,,,
2300154695,620633,2000894998,Анджелова,Бетханн,Ремировна,1.0,Новосибирская область,1976-01-28,,,
2300154741,620657,2000895121,Кухарьков,Рутын,Глебович,0.0,Новосибирская область,1994-10-28,,,
2300154741,620660,2000895121,Кухарьков,Рутын,Глебович,0.0,Новосибирская область,1994-10-28,,,
2300154741,620670,2000895121,Кухарьков,Рутын,Глебович,0.0,Новосибирская область,1994-10-28,,169650.0,261000.0
2300154741,620676,2000895121,Кухарьков,Рутын,Глебович,0.0,Новосибирская область,1994-10-28,,169650.0,261000.0
2300154741,620685,2000895121,Кухарьков,Рутын,Глебович,0.0,Новосибирская область,1994-10-28,,169650.0,261000.0
2300154741,621450,2000895121,Кухарьков,Рутын,Глебович,0.0,Новосибирская область,1994-10-28,,,
2300154742,620664,2000884516,Кожуренцев,Епифан,Лудиславович,0.0,Костромская область,1990-04-18,,,
2300154744,620696,2000895122,Веринкина,Галына,Хьевна,1.0,Новосибирская область,1960-12-10,,,
2300154744,620702,2000895122,Веринкина,Галына,Хьевна,1.0,Новосибирская область,1960-12-10,,,
2300154745,620724,2000887698,Котенкова,Ролонида,Октябрятовна,1.0,Новосибирская область,1978-11-24,,,
2300154746,620729,2000895197,Магутенкова,Фримма,Дастиновна,1.0,Новосибирская область,1985-05-03,,,
2300154747,620701,2000852596,Котенкова,Ефросиня,Владимировна,1.0,Новосибирская область,1990-07-14,,,
2300154747,620706,2000852596,Котенкова,Ефросиня,Владимировна,1.0,Новосибирская область,1990-07-14,,,
2300154749,620752,2000895198,Буленков,Дарвиш,Хадиевич,0.0,Дагестан,1978-03-01,,,
2300154749,621115,2000895198,Буленков,Дарвиш,Хадиевич,0.0,Дагестан,1978-03-01,,,
2300154749,621172,2000895198,Буленков,Дарвиш,Хадиевич,0.0,Дагестан,1978-03-01,,,
2300154749,621174,2000895198,Буленков,Дарвиш,Хадиевич,0.0,Дагестан,1978-03-01,,,
2300154751,620708,2000886398,Корчива,Утабике,Витомировна,1.0,Новосибирская область,1976-01-28,,,
2300154752,620725,2000895297,Жромова,Узумджа,Хьевна,1.0,Новосибирская область,1980-10-10,,,
2300154752,620732,2000895297,Жромова,Узумджа,Хьевна,1.0,Новосибирская область,1980-10-10,,,
2300154752,620746,2000895297,Жромова,Узумджа,Хьевна,1.0,Новосибирская область,1980-10-10,,,
2300154752,620762,2000895297,Жромова,Узумджа,Хьевна,1.0,Новосибирская область,1980-10-10,,,
2300154752,620803,2000895297,Жромова,Узумджа,Хьевна,1.0,Новосибирская область,1980-10-10,,,
2300154752,620853,2000895297,Жромова,Узумджа,Хьевна,1.0,Новосибирская область,1980-10-10,,,
2300154752,621400,2000895297,Жромова,Узумджа,Хьевна,1.0,Новосибирская область,1980-10-10,,,
2300154752,621403,2000895297,Жромова,Узумджа,Хьевна,1.0,Новосибирская область,1980-10-10,,130000.0,200000.0
2300154753,620721,2000895298,Шафиатуллина,Шогер,Вячеславовна,1.0,Новосибирская область,1984-12-13,,,
2300154753,620726,2000895298,Шафиатуллина,Шогер,Вячеславовна,1.0,Новосибирская область,1984-12-13,,,
2300154753,620734,2000895298,Шафиатуллина,Шогер,Вячеславовна,1.0,Новосибирская область,1984-12-13,,195750.0,261000.0
2300154753,620751,2000895298,Шафиатуллина,Шогер,Вячеславовна,1.0,Новосибирская область,1984-12-13,,195750.0,261000.0
2300154753,620756,2000895298,Шафиатуллина,Шогер,Вячеславовна,1.0,Новосибирская область,1984-12-13,,195750.0,261000.0
2300154753,620864,2000895298,Шафиатуллина,Шогер,Вячеславовна,1.0,Новосибирская область,1984-12-13,,,
2300154753,621341,2000895298,Шафиатуллина,Шогер,Вячеславовна,1.0,Новосибирская область,1984-12-13,,,
2300154754,620722,2000895299,Шафиатуллина,Шогер,Вячеславовна,1.0,Новосибирская область,1985-07-05,,,
2300154754,620727,2000895299,Шафиатуллина,Шогер,Вячеславовна,1.0,Новосибирская область,1985-07-05,,,
2300154754,620733,2000895299,Шафиатуллина,Шогер,Вячеславовна,1.0,Новосибирская область,1985-07-05,,195750.0,261000.0
2300154754,620850,2000895299,Шафиатуллина,Шогер,Вячеславовна,1.0,Новосибирская область,1985-07-05,,195750.0,261000.0
2300154755,620764,2000895300,Фондрошина,Лийза,Семеновна,1.0,Дагестан,1989-03-01,,,
2300154755,620812,2000895300,Фондрошина,Лийза,Семеновна,1.0,Дагестан,1989-03-01,,,
2300154755,621168,2000895300,Фондрошина,Лийза,Семеновна,1.0,Дагестан,1989-03-01,,,
2300154756,620765,2000895301,Кобыленкова,Хинд,Павловна,1.0,Новосибирская область,1991-06-14,,,
2300154756,620774,2000895301,Кобыленкова,Хинд,Павловна,1.0,Новосибирская область,1991-06-14,,,
2300154757,620720,2000895302,Лухадеева,Бетханн,Ремировна,1.0,Костромская область,1990-03-18,,,
2300154759,620776,2000895397,Облифнов,Джамальди,Вилорович,0.0,Кабардино-Балкария,1985-06-20,,,
2300154760,620780,2000895497,Великоречина,Зоммара,Гениевна,1.0,Дагестан,1955-03-01,,,
2300154776,620787,2000895497,Великоречина,Зоммара,Гениевна,1.0,Дагестан,1955-03-01,,,
2300154787,620788,2000895417,Бурилев,Аннуш,Григорьевич,0.0,Липецкая область,1970-01-01,,,
2300154787,620895,2000895417,Бурилев,Аннуш,Григорьевич,0.0,Липецкая область,1970-01-01,,,
2300154787,620946,2000895417,Бурилев,Аннуш,Григорьевич,0.0,Липецкая область,1970-01-01,,,
2300154808,620754,2000895597,Кобыленкова,Бетханн,Павловна,1.0,Костромская область,1969-02-03,,,
2300154809,620758,2000895507,Пошоцкий,Епифан,Лудиславович,0.0,Костромская область,1990-04-18,,,
2300154810,620800,2000895508,Шимаков,Трудослав,Елисеевич,0.0,Дагестан,1979-03-01,,,
2300154811,620766,2000895598,Шафиатуллина,Шогер,Вячеславовна,1.0,Новосибирская область,1985-08-06,,,
2300154811,620769,2000895598,Шафиатуллина,Шогер,Вячеславовна,1.0,Новосибирская область,1985-08-06,,,
2300154811,620777,2000895598,Шафиатуллина,Шогер,Вячеславовна,1.0,Новосибирская область,1985-08-06,,195750.0,261000.0
2300154811,620783,2000895598,Шафиатуллина,Шогер,Вячеславовна,1.0,Новосибирская область,1985-08-06,,195750.0,261000.0
2300154811,620793,2000895598,Шафиатуллина,Шогер,Вячеславовна,1.0,Новосибирская область,1985-08-06,,195750.0,261000.0
2300154811,621336,2000895598,Шафиатуллина,Шогер,Вячеславовна,1.0,Новосибирская область,1985-08-06,,,
2300154812,620808,2000895509,Жемкова,Ванетта,Тристановна,1.0,Новосибирская область,1992-01-20,,,
2300154812,621290,2000895509,Жемкова,Ванетта,Тристановна,1.0,Новосибирская область,1992-01-20,,,
2300154812,621309,2000895509,Жемкова,Ванетта,Тристановна,1.0,Новосибирская область,1992-01-20,,,
2300154812,621313,2000895509,Жемкова,Ванетта,Тристановна,1.0,Новосибирская область,1992-01-20,,,
2300154813,620778,2000895510,Шафиатуллина,Шогер,Вячеславовна,1.0,Новосибирская область,1985-03-02,,,
2300154813,620789,2000895510,Шафиатуллина,Шогер,Вячеславовна,1.0,Новосибирская область,1985-03-02,,,
2300154813,620797,2000895510,Шафиатуллина,Шогер,Вячеславовна,1.0,Новосибирская область,1985-03-02,,195750.0,261000.0
2300154813,620802,2000895510,Шафиатуллина,Шогер,Вячеславовна,1.0,Новосибирская область,1985-03-02,,195750.0,261000.0
2300154813,620805,2000895510,Шафиатуллина,Шогер,Вячеславовна,1.0,Новосибирская область,1985-03-02,,195750.0,261000.0
2300154814,620781,2000895511,Кобыленкова,Бетханн,Павловна,1.0,Костромская область,1969-02-03,,,
2300154815,620785,2000895512,Калькина,Аллисон,Матвеевна,1.0,Новосибирская область,1990-09-22,,,
2300154815,620791,2000895512,Калькина,Аллисон,Матвеевна,1.0,Новосибирская область,1990-09-22,,,
2300154815,620796,2000895512,Калькина,Аллисон,Матвеевна,1.0,Новосибирская область,1990-09-22,,,
2300154815,620799,2000895512,Калькина,Аллисон,Матвеевна,1.0,Новосибирская область,1990-09-22,,,
2300154816,620794,2000862030,Котенкова,Паликсения,Хьевна,1.0,Ханты-Мансийский АО — Югра,1990-07-14,,,
2300154816,620795,2000862030,Котенкова,Паликсения,Хьевна,1.0,Ханты-Мансийский АО — Югра,1990-07-14,,,
2300154817,620814,2000394101,Шамхалов,Гоча,Воронович,0.0,Ханты-Мансийский АО — Югра,1990-07-23,,,
2300154817,620815,2000394101,Шамхалов,Гоча,Воронович,0.0,Ханты-Мансийский АО — Югра,1990-07-23,,,
2300154819,620838,2000895599,Кобыленкова,Хинд,Вячеславовна,1.0,Новосибирская область,1991-06-14,,,
2300154819,620843,2000895599,Кобыленкова,Хинд,Вячеславовна,1.0,Новосибирская область,1991-06-14,,,
2300154820,620810,2000895697,Креспо,Сейлан,Иванович,0.0,Магаданская область,1985-10-05,,,
2300154821,620840,2000895698,Котенкова,Ролонида,Матвеевна,1.0,Новосибирская область,1978-11-24,,,
2300154821,620852,2000895698,Котенкова,Ролонида,Матвеевна,1.0,Новосибирская область,1978-11-24,,,
2300154822,620842,2000895699,Лобенков,Трудослав,Елисеевич,0.0,Дагестан,1969-03-01,,,
2300154822,621227,2000895699,Лобенков,Трудослав,Елисеевич,0.0,Дагестан,1969-03-01,,,
2300154822,621281,2000895699,Лобенков,Трудослав,Елисеевич,0.0,Дагестан,1969-03-01,,,
2300154822,621284,2000895699,Лобенков,Трудослав,Елисеевич,0.0,Дагестан,1969-03-01,,,
2300154823,620817,2000895700,Нажаметдинова,Эстрелла,Вемировна,1.0,Новосибирская область,1990-09-22,,,
2300154823,620819,2000895700,Нажаметдинова,Эстрелла,Вемировна,1.0,Новосибирская область,1990-09-22,,,
2300154823,620822,2000895700,Нажаметдинова,Эстрелла,Вемировна,1.0,Новосибирская область,1990-09-22,,,
2300154823,620836,2000895700,Нажаметдинова,Эстрелла,Вемировна,1.0,Новосибирская область,1990-09-22,,,
2300154824,620894,2000895701,Жромова,Луминица,Златомировна,1.0,Оренбургская область,1980-01-01,,,
2300154824,620899,2000895701,Жромова,Луминица,Златомировна,1.0,Оренбургская область,1980-01-01,,,
2300154824,620915,2000895701,Жромова,Луминица,Златомировна,1.0,Оренбургская область,1980-01-01,,,
2300154825,620848,2000895797,Деза,Лемера,Валентиновна,1.0,Дагестан,1993-03-01,,,
2300154826,620825,2000851166,Селиванчиков,Гил,Таклесович,0.0,Ханты-Мансийский АО — Югра,1990-07-23,,,
2300154872,620855,2000895925,Цупрунов,Фамин,Хадиевич,0.0,Дагестан,1989-03-01,,,
2300154872,620875,2000895925,Цупрунов,Фамин,Хадиевич,0.0,Дагестан,1989-03-01,,,
2300154872,621052,2000895925,Цупрунов,Фамин,Хадиевич,0.0,Дагестан,1989-03-01,,,
2300154873,620846,2000896003,Дуплев,Чаевой,Иванович,0.0,Новосибирская область,1988-01-09,,,
2300154873,620854,2000896003,Дуплев,Чаевой,Иванович,0.0,Новосибирская область,1988-01-09,,,
2300154874,620858,2000896004,Ряпина,Юниана,Гениевна,1.0,Дагестан,1977-08-11,,,
2300154876,620870,2000895928,Жромова,Нева,Валентиновна,1.0,Костромская область,1990-06-19,,,
2300154876,620907,2000895928,Жромова,Нева,Валентиновна,1.0,Костромская область,1990-06-19,,,
2300154877,620851,2000896005,Топчубанова,Хисако,Сетовна,1.0,Новосибирская область,1982-11-06,,,
2300154878,620857,2000895929,Анджелова,Бетханн,Ремировна,1.0,Новосибирская область,1976-01-28,,,
2300154879,620890,2000896006,Семиндеев,Самсоний,Всеволодович,0.0,Новосибирская область,1984-06-16,,,
2300154881,620881,2000896197,Камжанова,Евдокия,Даниловна,1.0,Хакасия,1990-01-05,,,
2300154881,621350,2000896197,Камжанова,Евдокия,Даниловна,1.0,Хакасия,1990-01-05,,,
2300154882,620919,2000896198,Кувабина,Эманн,Златомировна,1.0,Новосибирская область,1986-07-24,,,
2300154883,620878,2000884697,Кузнецова-Чередова,Зете,Густавовна,1.0,Костромская область,1970-08-03,,,
2300154884,620920,2000896297,Топчубанова,Коммуна,Варленовна,1.0,Новосибирская область,1986-04-30,,,
2300154885,620877,2000896298,Кобыленкова,Бетханн,Павловна,1.0,Костромская область,1969-02-03,,,
2300154886,620879,2000815657,Кобыленкова,Ружена,Римовна,1.0,Костромская область,1990-07-14,,,
2300154905,620891,2000815657,Кобыленкова,Ружена,Римовна,1.0,Костромская область,1990-07-14,,,
2300154921,620896,2000896418,Курзенева,Геонафия,Михайловна,1.0,Новосибирская область,1985-12-19,,,
2300154934,620898,2000896428,Обакшин,Задени,Пегорович,0.0,Новосибирская область,1990-01-01,,,
2300154935,620904,2000896429,Сидихменова,Бернадетта,Дастиновна,1.0,Новосибирская область,1983-08-17,,,
2300154935,620917,2000896429,Сидихменова,Бернадетта,Дастиновна,1.0,Новосибирская область,1983-08-17,,,
2300154935,620933,2000896429,Сидихменова,Бернадетта,Дастиновна,1.0,Новосибирская область,1983-08-17,,,
2300154936,620908,2000896430,Белаева,Маламира,Дальтоновна,1.0,Новосибирская область,1982-10-19,,,
2300154936,620916,2000896430,Белаева,Маламира,Дальтоновна,1.0,Новосибирская область,1982-10-19,,,
2300154937,620903,2000884697,Кузнецова-Чередова,Зете,Густавовна,1.0,Костромская область,1970-08-03,,,
2300154938,620906,2000896314,Анджелова,Бетханн,Ремировна,1.0,Костромская область,1990-03-18,,,
2300154941,620923,2000896433,Мызикова,Узумджа,Даниловна,1.0,Новосибирская область,1990-01-01,,,
2300154942,620925,2000896434,Лухадеева,Бетханн,Ремировна,1.0,Костромская область,1990-03-18,,,
2300154943,620934,2000896435,Шафиатуллина,Шогер,Вячеславовна,1.0,Новосибирская область,1985-03-15,,,
2300154943,620937,2000896435,Шафиатуллина,Шогер,Вячеславовна,1.0,Новосибирская область,1985-03-15,,,
2300154944,620935,2000896436,Шафиатуллина,Шогер,Вячеславовна,1.0,Новосибирская область,1985-01-13,,,
2300154944,620938,2000896436,Шафиатуллина,Шогер,Вячеславовна,1.0,Новосибирская область,1985-01-13,,,
2300154945,620929,2000895929,Анджелова,Бетханн,Ремировна,1.0,Новосибирская область,1976-01-28,,,
2300154946,620931,2000896497,Анджелова,Бетханн,Ремировна,1.0,Новосибирская область,1976-01-28,,,
2300154949,620940,2000896597,Кобыленкова,Бетханн,Павловна,1.0,Костромская область,1969-02-03,,,
2300154951,620948,2000896598,Капурина,Бернадетта,Тимофеевна,1.0,Новосибирская область,1986-06-09,,,
2300154951,620951,2000896598,Капурина,Бернадетта,Тимофеевна,1.0,Новосибирская область,1986-06-09,,,
2300154952,620950,2000896599,Рудавина,Ильгама,Римовна,1.0,Новосибирская область,1983-02-13,,,
2300154952,620953,2000896599,Рудавина,Ильгама,Римовна,1.0,Новосибирская область,1983-02-13,,,
2300154952,620955,2000896599,Рудавина,Ильгама,Римовна,1.0,Новосибирская область,1983-02-13,,169650.0,261000.0
2300154952,620970,2000896599,Рудавина,Ильгама,Римовна,1.0,Новосибирская область,1983-02-13,,169650.0,261000.0
2300154952,620973,2000896599,Рудавина,Ильгама,Римовна,1.0,Новосибирская область,1983-02-13,,169650.0,261000.0
2300154952,620979,2000896599,Рудавина,Ильгама,Римовна,1.0,Новосибирская область,1983-02-13,,,
2300154955,621015,2000896602,Шамхалов,Амирахмед,Джонатанович,0.0,Новосибирская область,1985-05-30,,,
2300155001,620983,2000147201,Заулочнова,Беневша,Валентиновна,1.0,Астраханская область,1986-07-17,,,
2300155004,620988,2000896629,Шафиатуллина,Шогер,Вячеславовна,1.0,Новосибирская область,1985-08-26,,,
2300155005,621641,2000896809,Тюненкова,Беляница,Семеновна,1.0,Ханты-Мансийский АО — Югра,1990-07-01,,,
2300155036,620985,2000896897,Анджелова,Бетханн,Ремировна,1.0,Новосибирская область,1976-01-28,,,
2300155038,620992,2000896898,Анджелова,Бетханн,Ремировна,1.0,Новосибирская область,1976-01-28,,,
2300155039,620996,2000106304,Кобыленкова,Зульхая,Артемовна,1.0,Костромская область,1978-11-23,,,
2300155039,621004,2000106304,Кобыленкова,Зульхая,Артемовна,1.0,Костромская область,1978-11-23,,,
2300155041,620999,2000850879,Савостькина,Хинд,Доброгостовна,1.0,Ханты-Мансийский АО — Югра,1990-07-23,,,
2300155042,621001,2000896900,Жемугова,Оскарина,Денисовна,1.0,Новосибирская область,1982-05-21,,,
2300155042,621002,2000896900,Жемугова,Оскарина,Денисовна,1.0,Новосибирская область,1982-05-21,,,
2300155043,621007,2000771503,Зеньчева,Тамра,Эльдаровна,1.0,Новосибирская область,1990-09-21,,,
2300155044,621009,2000850879,Савостькина,Хинд,Доброгостовна,1.0,Ханты-Мансийский АО — Югра,1990-07-23,,,
2300155045,621011,2000896997,Кобыленкова,Бетханн,Павловна,1.0,Костромская область,1969-02-03,,,
2300155046,621046,2000896998,Недогадова,Донэра,Афанасьевна,1.0,Новосибирская область,1975-02-14,,,
2300155047,621014,2000896999,Шогенова,Ринда,Будимировна,1.0,Новосибирская область,1990-09-22,,,
2300155047,621018,2000896999,Шогенова,Ринда,Будимировна,1.0,Новосибирская область,1990-09-22,,,
2300155047,621019,2000896999,Шогенова,Ринда,Будимировна,1.0,Новосибирская область,1990-09-22,,,
2300155047,621021,2000896999,Шогенова,Ринда,Будимировна,1.0,Новосибирская область,1990-09-22,,,
2300155048,621017,2000895507,Пошоцкий,Епифан,Лудиславович,0.0,Костромская область,1990-04-18,,,
2300155048,621071,2000895507,Пошоцкий,Епифан,Лудиславович,0.0,Костромская область,1990-04-18,,,
2300155050,621025,2000897001,Минтюк,Самсоний,Маркович,0.0,Новосибирская область,1983-09-21,,,
2300155050,621033,2000897001,Минтюк,Самсоний,Маркович,0.0,Новосибирская область,1983-09-21,,,
2300155050,621058,2000897001,Минтюк,Самсоний,Маркович,0.0,Новосибирская область,1983-09-21,,,
2300155050,621098,2000897001,Минтюк,Самсоний,Маркович,0.0,Новосибирская область,1983-09-21,,,
2300155050,621110,2000897001,Минтюк,Самсоний,Маркович,0.0,Новосибирская область,1983-09-21,,,
2300155050,621124,2000897001,Минтюк,Самсоний,Маркович,0.0,Новосибирская область,1983-09-21,,,
2300155052,621029,2000021002,Розен-Акмальдинова,Шошана,Эльдаровна,1.0,Новосибирская область,1997-10-18,,,
2300155053,621078,2000897003,Чапчаева,Узумджа,Хьевна,1.0,Вологодская область,1990-02-02,,,
2300155053,621085,2000897003,Чапчаева,Узумджа,Хьевна,1.0,Вологодская область,1990-02-02,,,
2300155053,621089,2000897003,Чапчаева,Узумджа,Хьевна,1.0,Вологодская область,1990-02-02,,134987.0,160950.0
2300155053,621092,2000897003,Чапчаева,Узумджа,Хьевна,1.0,Вологодская область,1990-02-02,,134987.0,160950.0
2300155054,621031,2000829066,Двинянина,Габби,Тимофеевна,1.0,Новосибирская область,1988-05-21,,,
2300155054,621032,2000829066,Двинянина,Габби,Тимофеевна,1.0,Новосибирская область,1988-05-21,,,
2300155055,621035,2000897004,Кобыленкова,Бетханн,Павловна,1.0,Костромская область,1969-02-03,,,
2300155061,621055,2000897006,Шафиатуллина,Шогер,Вячеславовна,1.0,Новосибирская область,1985-07-02,,,
2300155061,621060,2000897006,Шафиатуллина,Шогер,Вячеславовна,1.0,Новосибирская область,1985-07-02,,,
2300155061,621063,2000897006,Шафиатуллина,Шогер,Вячеславовна,1.0,Новосибирская область,1985-07-02,,195750.0,261000.0
2300155061,621070,2000897006,Шафиатуллина,Шогер,Вячеславовна,1.0,Новосибирская область,1985-07-02,,195750.0,261000.0
2300155061,621073,2000897006,Шафиатуллина,Шогер,Вячеславовна,1.0,Новосибирская область,1985-07-02,,195750.0,261000.0
2300155070,621051,2000897102,Калым,Альозий,Глебович,0.0,Новосибирская область,1983-12-10,,,
2300155105,621054,2000884697,Кузнецова-Чередова,Зете,Густавовна,1.0,Костромская область,1970-08-03,,,
2300155106,621057,2000106304,Кобыленкова,Зульхая,Артемовна,1.0,Костромская область,1978-11-23,,,
2300155107,621086,2000897034,Цурюкина,Имилина,Андреевна,1.0,Новосибирская область,1990-08-14,,,
2300155107,621270,2000897034,Цурюкина,Имилина,Андреевна,1.0,Новосибирская область,1990-08-14,,,
2300155108,621062,2000021002,Розен-Акмальдинова,Шошана,Эльдаровна,1.0,Новосибирская область,1997-10-18,,,
2300155109,621066,2000815657,Кобыленкова,Ружена,Римовна,1.0,Новосибирская область,1990-07-14,,,
2300155110,621067,2000897117,Пашистова,Оскарина,Денисовна,1.0,Вологодская область,1987-04-01,,,
2300155110,621068,2000897117,Пашистова,Оскарина,Денисовна,1.0,Вологодская область,1987-04-01,,,
2300155110,621079,2000897117,Пашистова,Оскарина,Денисовна,1.0,Вологодская область,1987-04-01,,,
2300155110,621084,2000897117,Пашистова,Оскарина,Денисовна,1.0,Вологодская область,1987-04-01,,,
2300155111,621075,2000897197,Невматуллина,Влада,Ивановна,1.0,Новосибирская область,1983-03-05,,,
2300155111,621077,2000897197,Невматуллина,Влада,Ивановна,1.0,Новосибирская область,1983-03-05,,,
2300155111,621080,2000897197,Невматуллина,Влада,Ивановна,1.0,Новосибирская область,1983-03-05,,169650.0,261000.0
2300155111,621088,2000897197,Невматуллина,Влада,Ивановна,1.0,Новосибирская область,1983-03-05,,169650.0,261000.0
2300155111,621091,2000897197,Невматуллина,Влада,Ивановна,1.0,Новосибирская область,1983-03-05,,169650.0,261000.0
2300155111,621094,2000897197,Невматуллина,Влада,Ивановна,1.0,Новосибирская область,1983-03-05,,,
2300155112,621083,2000886398,Корчива,Утабике,Витомировна,1.0,Новосибирская область,1976-01-28,,,
2300155113,621106,2000896097,Коногова,Узумджа,Будимировна,1.0,Ханты-Мансийский АО — Югра,1990-08-14,,,
2300155113,621272,2000896097,Коногова,Узумджа,Будимировна,1.0,Ханты-Мансийский АО — Югра,1990-08-14,,,
2300155113,621273,2000896097,Коногова,Узумджа,Будимировна,1.0,Ханты-Мансийский АО — Югра,1990-08-14,,,
2300155113,621300,2000896097,Коногова,Узумджа,Будимировна,1.0,Ханты-Мансийский АО — Югра,1990-08-14,,,
2300155115,621107,2000897198,Карнашкина,Амизия,Хьевна,1.0,Ханты-Мансийский АО — Югра,1992-10-13,,,
2300155116,621114,2000897199,Чапчаева,Солас,Хьевна,1.0,Вологодская область,1990-01-01,,,
2300155116,621122,2000897199,Чапчаева,Солас,Хьевна,1.0,Вологодская область,1990-01-01,,,
2300155116,621137,2000897199,Чапчаева,Солас,Хьевна,1.0,Вологодская область,1990-01-01,,134987.0,160950.0
2300155116,621154,2000897199,Чапчаева,Солас,Хьевна,1.0,Вологодская область,1990-01-01,,134987.0,160950.0
2300155116,621166,2000897199,Чапчаева,Солас,Хьевна,1.0,Вологодская область,1990-01-01,,134987.0,160950.0
2300155117,621109,2000897200,Гаракина,Белиция,Варленовна,1.0,Новосибирская область,1983-01-08,,,
2300155117,621113,2000897200,Гаракина,Белиция,Варленовна,1.0,Новосибирская область,1983-01-08,,,
2300155117,621118,2000897200,Гаракина,Белиция,Варленовна,1.0,Новосибирская область,1983-01-08,,169650.0,261000.0
2300155117,621126,2000897200,Гаракина,Белиция,Варленовна,1.0,Новосибирская область,1983-01-08,,169650.0,261000.0
2300155117,621142,2000897200,Гаракина,Белиция,Варленовна,1.0,Новосибирская область,1983-01-08,,169650.0,261000.0
2300155117,621149,2000897200,Гаракина,Белиция,Варленовна,1.0,Новосибирская область,1983-01-08,,,
2300155118,621120,2000897201,Шафиатуллина,Шогер,Вячеславовна,1.0,Новосибирская область,1985-06-08,,,
2300155118,621140,2000897201,Шафиатуллина,Шогер,Вячеславовна,1.0,Новосибирская область,1985-06-08,,,
2300155118,621146,2000897201,Шафиатуллина,Шогер,Вячеславовна,1.0,Новосибирская область,1985-06-08,,195750.0,261000.0
2300155118,621156,2000897201,Шафиатуллина,Шогер,Вячеславовна,1.0,Новосибирская область,1985-06-08,,195750.0,261000.0
2300155118,621162,2000897201,Шафиатуллина,Шогер,Вячеславовна,1.0,Новосибирская область,1985-06-08,,195750.0,261000.0
2300155118,621189,2000897201,Шафиатуллина,Шогер,Вячеславовна,1.0,Новосибирская область,1985-06-08,,,
2300155118,621200,2000897201,Шафиатуллина,Шогер,Вячеславовна,1.0,Новосибирская область,1985-06-08,,,
2300155119,621121,2000897202,Шафиатуллина,Шогер,Вячеславовна,1.0,Новосибирская область,1984-09-24,,,
2300155119,621139,2000897202,Шафиатуллина,Шогер,Вячеславовна,1.0,Новосибирская область,1984-09-24,,,
2300155119,621147,2000897202,Шафиатуллина,Шогер,Вячеславовна,1.0,Новосибирская область,1984-09-24,,195750.0,261000.0
2300155119,621160,2000897202,Шафиатуллина,Шогер,Вячеславовна,1.0,Новосибирская область,1984-09-24,,195750.0,261000.0
2300155119,621164,2000897202,Шафиатуллина,Шогер,Вячеславовна,1.0,Новосибирская область,1984-09-24,,195750.0,261000.0
2300155120,621144,2000897198,Карнашкина,Амизия,Хьевна,1.0,Ханты-Мансийский АО — Югра,1992-10-13,,,
2300155121,621145,2000897198,Карнашкина,Амизия,Хьевна,1.0,Ханты-Мансийский АО — Югра,1992-10-13,,,
2300155167,621171,2000897397,Томшина,Зоммара,Михайловна,1.0,Новосибирская область,1985-05-18,,,
2300155167,621173,2000897397,Томшина,Зоммара,Михайловна,1.0,Новосибирская область,1985-05-18,,,
2300155167,621180,2000897397,Томшина,Зоммара,Михайловна,1.0,Новосибирская область,1985-05-18,,,
2300155167,621364,2000897397,Томшина,Зоммара,Михайловна,1.0,Новосибирская область,1985-05-18,,,
2300155167,621385,2000897397,Томшина,Зоммара,Михайловна,1.0,Новосибирская область,1985-05-18,,,
2300155167,621393,2000897397,Томшина,Зоммара,Михайловна,1.0,Новосибирская область,1985-05-18,,,
2300155167,621398,2000897397,Томшина,Зоммара,Михайловна,1.0,Новосибирская область,1985-05-18,,,
2300155168,621170,2000897398,Дзагаштов,Сетрак,Петрович,0.0,Адыгея,1983-03-03,,,
2300155169,621176,2000897399,Огарышева,Мохтоб,Вячеславовна,1.0,Новосибирская область,1990-09-22,,,
2300155169,621179,2000897399,Огарышева,Мохтоб,Вячеславовна,1.0,Новосибирская область,1990-09-22,,,
2300155169,621181,2000897399,Огарышева,Мохтоб,Вячеславовна,1.0,Новосибирская область,1990-09-22,,,
2300155169,621182,2000897399,Огарышева,Мохтоб,Вячеславовна,1.0,Новосибирская область,1990-09-22,,,
2300155170,621178,2000897400,Самокин,Епифан,Лудиславович,0.0,Костромская область,1990-04-18,,,
2300155170,621197,2000897400,Самокин,Епифан,Лудиславович,0.0,Костромская область,1990-04-18,,,
2300155170,621241,2000897400,Самокин,Епифан,Лудиславович,0.0,Костромская область,1990-04-18,,,
2300155172,621184,2000897400,Самокин,Епифан,Лудиславович,0.0,Костромская область,1990-04-18,,,
2300155174,621186,2000897401,Паршенцева,Турина,Семеновна,1.0,Новосибирская область,1990-09-22,,,
2300155174,621187,2000897401,Паршенцева,Турина,Семеновна,1.0,Новосибирская область,1990-09-22,,,
2300155174,621193,2000897401,Паршенцева,Турина,Семеновна,1.0,Новосибирская область,1990-09-22,,,
2300155174,621195,2000897401,Паршенцева,Турина,Семеновна,1.0,Новосибирская область,1990-09-22,,,
2300155175,621260,2000897403,Хатуцкина,Луминица,Вильгельмовна,1.0,Астраханская область,1988-01-09,,,
2300155175,621286,2000897403,Хатуцкина,Луминица,Вильгельмовна,1.0,Астраханская область,1988-01-09,,,
2300155175,621288,2000897403,Хатуцкина,Луминица,Вильгельмовна,1.0,Астраханская область,1988-01-09,,251430.0,295800.0
2300155175,621396,2000897403,Хатуцкина,Луминица,Вильгельмовна,1.0,Астраханская область,1988-01-09,,251430.0,295800.0
2300155175,621422,2000897403,Хатуцкина,Луминица,Вильгельмовна,1.0,Астраханская область,1988-01-09,,251430.0,295800.0
2300155175,621459,2000897403,Хатуцкина,Луминица,Вильгельмовна,1.0,Астраханская область,1988-01-09,,,
2300155178,621205,2000897407,Котенкова,Ефросиня,Владимировна,1.0,Новосибирская область,1990-07-14,,,
2300155182,621207,2000897497,Анджелова,Бетханн,Ремировна,1.0,Новосибирская область,1976-01-28,,,
2300155229,621222,2000897439,Бордашева,Эстрелла,Арсеньевна,1.0,Новосибирская область,1983-04-26,,,
2300155229,621225,2000897439,Бордашева,Эстрелла,Арсеньевна,1.0,Новосибирская область,1983-04-26,,,
2300155229,621230,2000897439,Бордашева,Эстрелла,Арсеньевна,1.0,Новосибирская область,1983-04-26,,169650.0,261000.0
2300155229,621238,2000897439,Бордашева,Эстрелла,Арсеньевна,1.0,Новосибирская область,1983-04-26,,169650.0,261000.0
2300155229,621243,2000897439,Бордашева,Эстрелла,Арсеньевна,1.0,Новосибирская область,1983-04-26,,169650.0,261000.0
2300155229,621251,2000897439,Бордашева,Эстрелла,Арсеньевна,1.0,Новосибирская область,1983-04-26,,,
2300155230,621220,2000897440,Анджелова,Бетханн,Ремировна,1.0,Костромская область,1990-03-18,,,
2300155234,621224,2000897513,Хатуцкина,Леонсио,Вячеславовна,1.0,Алтайский край,1983-03-04,,,
2300155237,621228,2000897598,Арышева,Амизия,Будимировна,1.0,Новосибирская область,1990-09-22,,,
2300155237,621236,2000897598,Арышева,Амизия,Будимировна,1.0,Новосибирская область,1990-09-22,,,
2300155237,621240,2000897598,Арышева,Амизия,Будимировна,1.0,Новосибирская область,1990-09-22,,,
2300155237,621244,2000897598,Арышева,Амизия,Будимировна,1.0,Новосибирская область,1990-09-22,,,
2300155239,621232,2000897697,Анджелова,Бетханн,Ремировна,1.0,Костромская область,1990-03-18,,,
2300155240,621234,2000897699,Анджелова,Бетханн,Ремировна,1.0,Костромская область,1990-03-18,,,
2300155246,621274,2000257101,Жромова,Лера,Даниловна,1.0,Хабаровский край,1981-06-08,,,
2300155246,621275,2000257101,Жромова,Лера,Даниловна,1.0,Хабаровский край,1981-06-08,,,
2300155246,621287,2000257101,Жромова,Лера,Даниловна,1.0,Хабаровский край,1981-06-08,,850000.0,1000000.0
2300155298,621302,2000897616,Новик-Золотова,Оскарина,Денисовна,1.0,Вологодская область,1985-01-21,,,
2300155299,621304,2000829066,Двинянина,Габби,Тимофеевна,1.0,Новосибирская область,1988-05-21,,,
2300155299,621305,2000829066,Двинянина,Габби,Тимофеевна,1.0,Новосибирская область,1988-05-21,,,
2300155299,621308,2000829066,Двинянина,Габби,Тимофеевна,1.0,Новосибирская область,1988-05-21,,,
2300155299,621365,2000829066,Двинянина,Габби,Тимофеевна,1.0,Новосибирская область,1988-05-21,,,
2300155299,621386,2000829066,Двинянина,Габби,Тимофеевна,1.0,Новосибирская область,1988-05-21,,,
2300155299,621394,2000829066,Двинянина,Габби,Тимофеевна,1.0,Новосибирская область,1988-05-21,,,
2300155299,621397,2000829066,Двинянина,Габби,Тимофеевна,1.0,Новосибирская область,1988-05-21,,,
2300155300,621319,2000897797,Ярчук,Анос,Хадиевич,0.0,Новосибирская область,1993-04-07,,,
2300155300,621331,2000897797,Ярчук,Анос,Хадиевич,0.0,Новосибирская область,1993-04-07,,,
2300155300,621379,2000897797,Ярчук,Анос,Хадиевич,0.0,Новосибирская область,1993-04-07,,,
2300155300,621380,2000897797,Ярчук,Анос,Хадиевич,0.0,Новосибирская область,1993-04-07,,,
2300155301,621312,2000897798,Гущанова,Ленуш,Сетовна,1.0,Новосибирская область,1990-09-22,,,
2300155301,621314,2000897798,Гущанова,Ленуш,Сетовна,1.0,Новосибирская область,1990-09-22,,,
2300155301,621315,2000897798,Гущанова,Ленуш,Сетовна,1.0,Новосибирская область,1990-09-22,,,
2300155301,621318,2000897798,Гущанова,Ленуш,Сетовна,1.0,Новосибирская область,1990-09-22,,,
2300155302,621317,2000897400,Самокин,Епифан,Лудиславович,0.0,Костромская область,1990-04-18,,,
2300155302,621325,2000897400,Самокин,Епифан,Лудиславович,0.0,Костромская область,1990-04-18,,,
2300155304,621322,2000897800,Кобыленкова,Бетханн,Павловна,1.0,Костромская область,1969-02-03,,,
2300155305,621324,2000897801,Колькова,Утабике,Витомировна,1.0,Новосибирская область,1976-01-28,,,
2300155306,621327,2000897803,Шимонаева,Романания,Ивановна,1.0,Новосибирская область,1990-09-22,,,
2300155306,621328,2000897803,Шимонаева,Романания,Ивановна,1.0,Новосибирская область,1990-09-22,,,
2300155306,621332,2000897803,Шимонаева,Романания,Ивановна,1.0,Новосибирская область,1990-09-22,,,
2300155306,621334,2000897803,Шимонаева,Романания,Ивановна,1.0,Новосибирская область,1990-09-22,,,
2300155307,621330,2000897804,Буценек,Епифан,Лудиславович,0.0,Костромская область,1990-04-18,,,
2300155309,621467,2000897897,Голентяева,Хедвига,Матвеевна,1.0,Новосибирская область,1986-09-01,,,
2300155309,621474,2000897897,Голентяева,Хедвига,Матвеевна,1.0,Новосибирская область,1986-09-01,,,
2300155309,621479,2000897897,Голентяева,Хедвига,Матвеевна,1.0,Новосибирская область,1986-09-01,,50895.0,78300.0
2300155309,621505,2000897897,Голентяева,Хедвига,Матвеевна,1.0,Новосибирская область,1986-09-01,,50895.0,78300.0
2300155309,621582,2000897897,Голентяева,Хедвига,Матвеевна,1.0,Новосибирская область,1986-09-01,,,
2300155310,621349,2000897806,Кобыленкова,Бетханн,Павловна,1.0,Костромская область,1969-02-03,,,
2300155356,621383,2000897836,Цурюкина,Донэра,Валентиновна,1.0,Новосибирская область,1990-07-19,,,
2300155357,621367,2000897837,Шамынина,Мадият,Густавовна,1.0,Новосибирская область,1990-09-22,,,
2300155358,621369,2000897838,Афнасьева,Ванетта,Иеронимовна,1.0,Новосибирская область,1990-09-22,,,
2300155359,621371,2000897915,Вахрамова,Шошана,Витомировна,1.0,Астраханская область,1987-11-19,,,
2300155360,621399,2000897997,Редкова,Хедвига,Вячеславовна,1.0,Новосибирская область,1987-08-14,,,
2300155361,621382,2000897804,Буценек,Епифан,Лудиславович,0.0,Костромская область,1990-04-18,,,
2300155362,621412,2000897998,Пхылина,Маниже,Гениевна,1.0,Костромская область,1990-01-19,,,
2300155363,621414,2000897998,Пхылина,Маниже,Гениевна,1.0,Костромская область,1990-01-19,,,
2300155363,621573,2000897998,Пхылина,Маниже,Гениевна,1.0,Костромская область,1990-01-19,,,
2300155363,621708,2000897998,Пхылина,Маниже,Гениевна,1.0,Костромская область,1990-01-19,,,
2300155363,621710,2000897998,Пхылина,Маниже,Гениевна,1.0,Костромская область,1990-01-19,,,
2300155364,621389,2000897999,Доверова,Бетханн,Ремировна,1.0,Костромская область,1990-03-18,,,
2300155365,621392,2000898000,Буценек,Епифан,Лудиславович,0.0,Костромская область,1990-04-18,,,
2300155366,621413,2000232701,Лепиева,Шогер,Даниловна,1.0,Новосибирская область,1980-08-21,,,
2300155366,621438,2000232701,Лепиева,Шогер,Даниловна,1.0,Новосибирская область,1980-08-21,,,
2300155367,621420,2000275501,Щипилов,Енисей,Рианович,0.0,Ульяновская область,1997-07-13,,,
2300155381,621435,2000884697,Кузнецова-Чередова,Зете,Густавовна,1.0,Костромская область,1970-08-03,,,
2300155414,621444,2000898029,Шафиатуллина,Шогер,Вячеславовна,1.0,Новосибирская область,1985-02-01,,,
2300155414,621447,2000898029,Шафиатуллина,Шогер,Вячеславовна,1.0,Новосибирская область,1985-02-01,,,
2300155414,621453,2000898029,Шафиатуллина,Шогер,Вячеславовна,1.0,Новосибирская область,1985-02-01,,195750.0,261000.0
2300155414,621463,2000898029,Шафиатуллина,Шогер,Вячеславовна,1.0,Новосибирская область,1985-02-01,,195750.0,261000.0
2300155414,621470,2000898029,Шафиатуллина,Шогер,Вячеславовна,1.0,Новосибирская область,1985-02-01,,195750.0,261000.0
2300155415,621445,2000898114,Шафиатуллина,Шогер,Вячеславовна,1.0,Новосибирская область,1985-07-16,,,
2300155415,621448,2000898114,Шафиатуллина,Шогер,Вячеславовна,1.0,Новосибирская область,1985-07-16,,,
2300155415,621454,2000898114,Шафиатуллина,Шогер,Вячеславовна,1.0,Новосибирская область,1985-07-16,,195750.0,261000.0
2300155415,621465,2000898114,Шафиатуллина,Шогер,Вячеславовна,1.0,Новосибирская область,1985-07-16,,195750.0,261000.0
2300155415,621472,2000898114,Шафиатуллина,Шогер,Вячеславовна,1.0,Новосибирская область,1985-07-16,,195750.0,261000.0
2300155415,621747,2000898114,Шафиатуллина,Шогер,Вячеславовна,1.0,Новосибирская область,1985-07-16,,,
2300155416,621442,2000898030,Шамхалов,Епифан,Лудиславович,0.0,Костромская область,1990-04-18,,,
2300155416,621473,2000898030,Шамхалов,Епифан,Лудиславович,0.0,Костромская область,1990-04-18,,,
2300155417,621456,2000274603,Реснов,Мусиф,Эдуардович,0.0,Адыгея,1997-08-16,,,
2300155418,621476,2000851066,Рикконен,Данли,Анатольевич,0.0,Ханты-Мансийский АО — Югра,1990-07-23,,,
2300155419,621478,2000898030,Шамхалов,Епифан,Лудиславович,0.0,Костромская область,1990-04-18,,,
2300155420,621482,2000898197,Тараканникова,Айно,Октябрятовна,1.0,Новосибирская область,1989-10-01,,,
2300155420,621485,2000898197,Тараканникова,Айно,Октябрятовна,1.0,Новосибирская область,1989-10-01,,,
2300155420,621488,2000898197,Тараканникова,Айно,Октябрятовна,1.0,Новосибирская область,1989-10-01,,195750.0,261000.0
2300155420,621491,2000898197,Тараканникова,Айно,Октябрятовна,1.0,Новосибирская область,1989-10-01,,195750.0,261000.0
2300155420,621502,2000898197,Тараканникова,Айно,Октябрятовна,1.0,Новосибирская область,1989-10-01,,195750.0,261000.0
2300155420,621510,2000898197,Тараканникова,Айно,Октябрятовна,1.0,Новосибирская область,1989-10-01,,,
2300155421,621519,2000898198,Халтуоина,Левитт,Денисовна,1.0,Дагестан,1969-08-11,,,
2300155423,621484,2000898199,Шамхалов,Епифан,Лудиславович,0.0,Костромская область,1990-04-18,,,
2300155423,621507,2000898199,Шамхалов,Епифан,Лудиславович,0.0,Костромская область,1990-04-18,,,
2300155424,621487,2000829066,Двинянина,Габби,Тимофеевна,1.0,Новосибирская область,1988-05-21,,,
2300155424,621489,2000829066,Двинянина,Габби,Тимофеевна,1.0,Новосибирская область,1988-05-21,,,
2300155425,621493,2000897198,Карнашкина,Амизия,Хьевна,1.0,Ханты-Мансийский АО — Югра,1992-10-13,,,
2300155427,621541,2000898200,Шиверенкова,Нева,Дзержевна,1.0,Костромская область,1983-11-14,,,
2300155428,621516,2000898201,Ягуткина,Узумджа,Семеновна,1.0,Новосибирская область,1990-09-08,,,
2300155428,621523,2000898201,Ягуткина,Узумджа,Семеновна,1.0,Новосибирская область,1990-09-08,,,
2300155428,621539,2000898201,Ягуткина,Узумджа,Семеновна,1.0,Новосибирская область,1990-09-08,,197925.0,304500.0
2300155428,621545,2000898201,Ягуткина,Узумджа,Семеновна,1.0,Новосибирская область,1990-09-08,,197925.0,304500.0
2300155428,621548,2000898201,Ягуткина,Узумджа,Семеновна,1.0,Новосибирская область,1990-09-08,,197925.0,304500.0
2300155429,621546,2000898202,Гамзонова,Нева,Дзержевна,1.0,Костромская область,1983-11-14,,,
2300155430,621515,2000898204,Шамхалов,Епифан,Лудиславович,0.0,Костромская область,1990-04-18,,,
2300155431,621555,2000898206,Мацура,Феодота,Иеронимовна,1.0,Новосибирская область,1983-11-15,,,
2300155444,621563,2000898219,Лебедева-Красина,Параковия,Валентиновна,1.0,Новосибирская область,1983-11-16,,,
2300155453,621537,2000898227,Доверова,Бетханн,Ремировна,1.0,Костромская область,1990-03-18,,,
2300155479,621566,2000898219,Лебедева-Красина,Параковия,Валентиновна,1.0,Новосибирская область,1983-11-16,,,
2300155480,621543,2000898397,Каратышов,Епифан,Лудиславович,0.0,Костромская область,1990-04-18,,,
2300155480,621575,2000898397,Каратышов,Епифан,Лудиславович,0.0,Костромская область,1990-04-18,,,
2300155481,621550,2000898398,Веринкина,Изена,Доброгостовна,1.0,Новосибирская область,1985-09-05,,,
2300155481,621551,2000898398,Веринкина,Изена,Доброгостовна,1.0,Новосибирская область,1985-09-05,,,
2300155482,621553,2000898399,Ташенкова,Оскарина,Вячеславовна,1.0,Вологодская область,1990-05-01,,,
2300155483,621565,2000898400,Зубачкина,Узумджа,Хьевна,1.0,Новосибирская область,1990-03-05,,,
2300155483,621570,2000898400,Зубачкина,Узумджа,Хьевна,1.0,Новосибирская область,1990-03-05,,,
2300155483,621574,2000898400,Зубачкина,Узумджа,Хьевна,1.0,Новосибирская область,1990-03-05,,197925.0,304500.0
2300155483,621617,2000898400,Зубачкина,Узумджа,Хьевна,1.0,Новосибирская область,1990-03-05,,197925.0,304500.0
2300155483,621625,2000898400,Зубачкина,Узумджа,Хьевна,1.0,Новосибирская область,1990-03-05,,197925.0,304500.0
2300155488,621568,2000897198,Карнашкина,Амизия,Хьевна,1.0,Ханты-Мансийский АО — Югра,1992-10-13,,,
2300155489,621576,2000898404,Колшаев,Бобраим,Станиславович,0.0,Новосибирская область,1989-01-08,,,
2300155489,621580,2000898404,Колшаев,Бобраим,Станиславович,0.0,Новосибирская область,1989-01-08,,,
2300155489,621586,2000898404,Колшаев,Бобраим,Станиславович,0.0,Новосибирская область,1989-01-08,,192270.0,295800.0
2300155489,621596,2000898404,Колшаев,Бобраим,Станиславович,0.0,Новосибирская область,1989-01-08,,192270.0,295800.0
2300155489,621600,2000898404,Колшаев,Бобраим,Станиславович,0.0,Новосибирская область,1989-01-08,,192270.0,295800.0
2300155489,621630,2000898404,Колшаев,Бобраим,Станиславович,0.0,Новосибирская область,1989-01-08,,,
2300155493,621597,2000898498,Аглиулин,Арзиг,Евгеньевич,0.0,Новосибирская область,1996-03-15,,,
2300155493,621601,2000898498,Аглиулин,Арзиг,Евгеньевич,0.0,Новосибирская область,1996-03-15,,,
2300155493,621622,2000898498,Аглиулин,Арзиг,Евгеньевич,0.0,Новосибирская область,1996-03-15,,,
2300155493,621627,2000898498,Аглиулин,Арзиг,Евгеньевич,0.0,Новосибирская область,1996-03-15,,,
2300155494,621590,2000898408,Каратышов,Епифан,Лудиславович,0.0,Костромская область,1990-04-18,,,
2300155495,621628,2000898499,Шафиатуллина,Шогер,Вячеславовна,1.0,Новосибирская область,1985-08-29,,,
2300155495,621643,2000898499,Шафиатуллина,Шогер,Вячеславовна,1.0,Новосибирская область,1985-08-29,,,
2300155497,621618,2000898500,Буробкина,Ленуш,Хьевна,1.0,Вологодская область,1990-07-01,,,
2300155497,621623,2000898500,Буробкина,Ленуш,Хьевна,1.0,Вологодская область,1990-07-01,,,
2300155497,621626,2000898500,Буробкина,Ленуш,Хьевна,1.0,Вологодская область,1990-07-01,,,
2300155497,621634,2000898500,Буробкина,Ленуш,Хьевна,1.0,Вологодская область,1990-07-01,,,
2300155546,621620,2000897198,Карнашкина,Амизия,Хьевна,1.0,Ханты-Мансийский АО — Югра,1992-10-13,,,
2300155548,621677,2000851766,Череватая,Аннуш,Воронович,0.0,Астраханская область,1977-11-19,,,
2300155551,621657,2000898898,Кобыленкова,Бетханн,Павловна,1.0,Костромская область,1969-02-03,,,
2300155552,621676,2000830594,Расходин,Гянджали,Ургавнебович,0.0,Астраханская область,1988-07-24,,,
2300155553,621660,2000898799,Бродниковская,Аугуст,Игоревич,0.0,Чувашия,1990-07-23,,,
2300155554,621667,2000898800,Шафиатуллина,Шогер,Вячеславовна,1.0,Новосибирская область,1985-09-19,,,
2300155554,621671,2000898800,Шафиатуллина,Шогер,Вячеславовна,1.0,Новосибирская область,1985-09-19,,,
2300155554,621673,2000898800,Шафиатуллина,Шогер,Вячеславовна,1.0,Новосибирская область,1985-09-19,,195750.0,261000.0
2300155554,621675,2000898800,Шафиатуллина,Шогер,Вячеславовна,1.0,Новосибирская область,1985-09-19,,195750.0,261000.0
2300155554,621679,2000898800,Шафиатуллина,Шогер,Вячеславовна,1.0,Новосибирская область,1985-09-19,,195750.0,261000.0
2300155555,621696,2000898801,Бертляева,Юниана,Октябрятовна,1.0,Новосибирская область,1985-01-01,,,
2300155601,621692,2000899013,Товтривский,Агун,Леонидович,0.0,Тульская область,1985-04-05,,,
2300155602,621698,2000106304,Кобыленкова,Зульхая,Артемовна,1.0,Костромская область,1978-11-23,,,
2300155602,621706,2000106304,Кобыленкова,Зульхая,Артемовна,1.0,Костромская область,1978-11-23,,,
2300155603,621700,2000884697,Кузнецова-Чередова,Зете,Густавовна,1.0,Костромская область,1970-08-03,,,
2300155604,621709,2000899097,Шафиатуллина,Шогер,Вячеславовна,1.0,Новосибирская область,1985-03-11,,,
2300155604,621711,2000899097,Шафиатуллина,Шогер,Вячеславовна,1.0,Новосибирская область,1985-03-11,,,
2300155604,621715,2000899097,Шафиатуллина,Шогер,Вячеславовна,1.0,Новосибирская область,1985-03-11,,195750.0,261000.0
2300155604,621717,2000899097,Шафиатуллина,Шогер,Вячеславовна,1.0,Новосибирская область,1985-03-11,,195750.0,261000.0
2300155604,621721,2000899097,Шафиатуллина,Шогер,Вячеславовна,1.0,Новосибирская область,1985-03-11,,195750.0,261000.0
2300155605,621713,2000897497,Анджелова,Бетханн,Ремировна,1.0,Новосибирская область,1976-01-28,,,
2300155606,621719,2000897497,Анджелова,Бетханн,Ремировна,1.0,Новосибирская область,1976-01-28,,,
2300155607,621723,2000899197,Балтрушевич,Епифан,Лудиславович,0.0,Костромская область,1990-04-18,,,
2300155653,621753,2000394101,Шамхалов,Гоча,Воронович,0.0,Ханты-Мансийский АО — Югра,1990-07-23,,,
2300155653,621754,2000394101,Шамхалов,Гоча,Воронович,0.0,Ханты-Мансийский АО — Югра,1990-07-23,,,
2300155654,621736,2000899230,Анджелова,Бетханн,Ремировна,1.0,Новосибирская область,1976-01-28,,,
2300155655,621738,2000899231,Анджелова,Бетханн,Ремировна,1.0,Новосибирская область,1976-01-28,,,
2300155656,621757,2000899397,Богаткова,Эндзела,Денисовна,1.0,Костромская область,1987-01-01,,,
2300155702,621780,2000899698,Чемезова,Журава,Кравасиловна,1.0,Костромская область,1992-06-19,,,
2300155703,621781,2000899698,Чемезова,Журава,Кравасиловна,1.0,Костромская область,1992-06-19,,,
2300155704,621784,2000899698,Чемезова,Журава,Кравасиловна,1.0,Костромская область,1992-06-19,,,
2300155705,621783,2000899698,Чемезова,Журава,Кравасиловна,1.0,Костромская область,1992-06-19,,,
2300155706,621782,2000899698,Чемезова,Журава,Кравасиловна,1.0,Костромская область,1992-06-19,,,
2300155707,621785,2000899698,Чемезова,Журава,Кравасиловна,1.0,Костромская область,1992-06-19,,,
2300155939,621838,2000898801,Бертляева,Юниана,Октябрятовна,1.0,Новосибирская область,1985-01-01,,,
2300155985,621850,2000900997,Состина,Юниана,Октябрятовна,1.0,Новосибирская область,1985-01-01,,,
2300156031,621862,2000901397,Козихина,Юниана,Октябрятовна,1.0,Новосибирская область,1985-01-01,,,
2300156122,621885,2000849965,Юнюшина,Леонсио,Васильевна,1.0,Новосибирская область,1968-03-30,,,
